ApplicantIncome,CoapplicantIncome,LoanAmount,Loan_Amount_Term,Gender_0.0,Gender_1.0,Married_0.0,Married_1.0,Dependents_0.0,Dependents_1.0,Dependents_2.0,Dependents_3.0,Education_0,Education_1,Self_Employed_0.0,Self_Employed_1.0,Credit_History_0.0,Credit_History_1.0,Property_Area_0,Property_Area_1,Property_Area_2,Loan_Status
5849,0,126,360,0,1,1,0,1,0,0,0,0,1,1,0,0,1,0,0,1,1
4583,1508,128,360,0,1,0,1,0,1,0,0,0,1,1,0,0,1,1,0,0,0
3000,0,66,360,0,1,0,1,1,0,0,0,0,1,0,1,0,1,0,0,1,1
2583,2358,120,360,0,1,0,1,1,0,0,0,1,0,1,0,0,1,0,0,1,1
6000,0,141,360,0,1,1,0,1,0,0,0,0,1,1,0,0,1,0,0,1,1
5417,4196,267,360,0,1,0,1,0,0,1,0,0,1,0,1,0,1,0,0,1,1
2333,1516,95,360,0,1,0,1,1,0,0,0,1,0,1,0,0,1,0,0,1,1
3036,2504,158,360,0,1,0,1,0,0,0,1,0,1,1,0,1,0,0,1,0,0
4006,1526,168,360,0,1,0,1,0,0,1,0,0,1,1,0,0,1,0,0,1,1
12841,10968,349,360,0,1,0,1,0,1,0,0,0,1,1,0,0,1,0,1,0,0
3200,700,70,360,0,1,0,1,0,0,1,0,0,1,1,0,0,1,0,0,1,1
2500,1840,109,360,0,1,0,1,0,0,1,0,0,1,0,1,0,1,0,0,1,1
3073,8106,200,360,0,1,0,1,0,0,1,0,0,1,1,0,0,1,0,0,1,1
1853,2840,114,360,0,1,1,0,1,0,0,0,0,1,1,0,0,1,1,0,0,0
1299,1086,17,120,0,1,0,1,0,0,1,0,0,1,1,0,0,1,0,0,1,1
4950,0,125,360,0,1,1,0,1,0,0,0,0,1,1,0,0,1,0,0,1,1
3596,0,100,240,0,1,1,0,0,1,0,0,1,0,1,0,1,0,0,0,1,1
3510,0,76,360,1,0,1,0,1,0,0,0,0,1,1,0,1,0,0,0,1,0
4887,0,133,360,0,1,0,1,1,0,0,0,1,0,1,0,0,1,1,0,0,0
2600,3500,115,342.201873,0,1,0,1,1,0,0,0,0,1,0,1,0,1,0,0,1,1
7660,0,104,360,0,1,0,1,1,0,0,0,1,0,1,0,1,0,0,0,1,0
5955,5625,315,360,0,1,0,1,0,1,0,0,0,1,1,0,0,1,0,0,1,1
2600,1911,116,360,0,1,0,1,1,0,0,0,1,0,1,0,1,0,0,1,0,0
3365,1917,112,360,0,1,0,1,0,0,1,0,1,0,1,0,1,0,1,0,0,0
3717,2925,151,360,0,1,0,1,0,1,0,0,0,1,0,1,1,0,0,1,0,0
9560,0,191,360,0,1,0,1,1,0,0,0,0,1,0,1,0,1,0,1,0,1
2799,2253,122,360,0,1,0,1,1,0,0,0,0,1,1,0,0,1,0,1,0,1
4226,1040,110,360,0,1,0,1,0,0,1,0,1,0,1,0,0,1,0,0,1,1
1442,0,35,360,0,1,1,0,1,0,0,0,1,0,1,0,0,1,0,0,1,0
3750,2083,120,360,1,0,1,0,0,0,1,0,0,1,0,1,0,1,0,1,0,1
4166,3369,201,360,0,1,0,1,0,1,0,0,0,1,0,1,1,0,0,0,1,0
3167,0,74,360,0,1,1,0,1,0,0,0,0,1,1,0,0,1,0,0,1,0
4692,0,106,360,0,1,1,0,0,1,0,0,0,1,0,1,0,1,1,0,0,0
3500,1667,114,360,0,1,0,1,1,0,0,0,0,1,1,0,0,1,0,1,0,1
12500,3000,320,360,0,1,1,0,0,0,0,1,0,1,1,0,0,1,1,0,0,0
2275,2067,126,360,0,1,0,1,1,0,0,0,0,1,1,0,0,1,0,0,1,1
1828,1330,100,342.201873,0,1,0,1,1,0,0,0,0,1,1,0,1,0,0,0,1,0
3667,1459,144,360,1,0,0,1,1,0,0,0,0,1,1,0,0,1,0,1,0,1
4166,7210,184,360,0,1,1,0,1,0,0,0,0,1,1,0,0,1,0,0,1,1
3748,1668,110,360,0,1,1,0,1,0,0,0,1,0,1,0,0,1,0,1,0,1
3600,0,80,360,0,1,1,0,1,0,0,0,0,1,1,0,0,1,0,0,1,0
1800,1213,47,360,0,1,1,0,1,0,0,0,0,1,1,0,0,1,0,0,1,1
2400,0,75,360,0,1,0,1,1,0,0,0,0,1,1,0,1,0,0,0,1,1
3941,2336,134,360,0,1,0,1,1,0,0,0,0,1,1,0,0,1,0,1,0,1
4695,0,96,342.201873,0,1,0,1,1,0,0,0,1,0,0,1,0,1,0,0,1,1
3410,0,88,342.201873,1,0,1,0,1,0,0,0,0,1,1,0,0,1,0,0,1,1
5649,0,44,360,0,1,0,1,0,1,0,0,0,1,1,0,0,1,0,0,1,1
5821,0,144,360,0,1,0,1,1,0,0,0,0,1,1,0,0,1,0,0,1,1
2645,3440,120,360,1,0,0,1,1,0,0,0,0,1,1,0,1,0,0,0,1,0
4000,2275,144,360,1,0,1,0,1,0,0,0,0,1,1,0,0,1,0,1,0,1
1928,1644,100,360,1,0,0,1,1,0,0,0,1,0,1,0,0,1,0,1,0,1
3086,0,120,360,1,0,1,0,1,0,0,0,0,1,1,0,0,1,0,1,0,1
4230,0,112,360,1,0,1,0,1,0,0,0,0,1,1,0,0,1,0,1,0,0
4616,0,134,360,0,1,0,1,0,0,1,0,0,1,1,0,0,1,0,0,1,0
11500,0,286,360,1,0,0,1,0,1,0,0,0,1,0,1,1,0,0,0,1,0
2708,1167,97,360,0,1,0,1,0,0,1,0,0,1,1,0,0,1,0,1,0,1
2132,1591,96,360,0,1,0,1,1,0,0,0,0,1,1,0,0,1,0,1,0,1
3366,2200,135,360,0,1,0,1,1,0,0,0,0,1,1,0,0,1,1,0,0,0
8080,2250,180,360,0,1,0,1,0,1,0,0,0,1,1,0,0,1,0,0,1,1
3357,2859,144,360,0,1,0,1,0,0,1,0,1,0,1,0,0,1,0,0,1,1
2500,3796,120,360,0,1,0,1,1,0,0,0,0,1,1,0,0,1,0,0,1,1
3029,0,99,360,0,1,0,1,0,0,0,1,0,1,1,0,0,1,0,0,1,1
2609,3449,165,180,0,1,0,1,1,0,0,0,1,0,0,1,1,0,1,0,0,0
4945,0,126,360,0,1,0,1,0,1,0,0,0,1,1,0,1,0,1,0,0,0
4166,0,116,360,1,0,1,0,1,0,0,0,0,1,1,0,1,0,0,1,0,0
5726,4595,258,360,0,1,0,1,1,0,0,0,0,1,1,0,0,1,0,1,0,0
3200,2254,126,180,0,1,1,0,1,0,0,0,1,0,1,0,1,0,0,0,1,0
10750,0,312,360,0,1,0,1,0,1,0,0,0,1,1,0,0,1,0,0,1,1
7100,0,125,60,0,1,0,1,0,0,0,1,1,0,0,1,0,1,0,0,1,1
4300,0,136,360,1,0,1,0,1,0,0,0,0,1,1,0,1,0,0,1,0,0
3208,3066,172,360,0,1,0,1,1,0,0,0,0,1,1,0,0,1,0,0,1,1
1875,1875,97,360,0,1,0,1,0,0,1,0,1,0,0,1,0,1,0,1,0,1
3500,0,81,300,0,1,1,0,1,0,0,0,0,1,1,0,0,1,0,1,0,1
4755,0,95,342.201873,0,1,0,1,0,0,0,1,1,0,1,0,1,0,0,1,0,0
5266,1774,187,360,0,1,0,1,0,0,0,1,0,1,0,1,0,1,0,1,0,1
3750,0,113,480,0,1,1,0,1,0,0,0,0,1,1,0,0,1,0,0,1,0
3750,4750,176,360,0,1,1,0,1,0,0,0,0,1,1,0,0,1,0,0,1,0
1000,3022,110,360,0,1,0,1,0,1,0,0,0,1,0,1,0,1,0,0,1,0
3167,4000,180,300,0,1,0,1,0,0,0,1,0,1,1,0,1,0,0,1,0,0
3333,2166,130,360,0,1,0,1,0,0,0,1,1,0,0,1,1,0,0,1,0,1
3846,0,111,360,1,0,1,0,1,0,0,0,0,1,1,0,0,1,0,1,0,1
2395,0,126,360,0,1,0,1,0,1,0,0,0,1,0,1,0,1,0,1,0,1
1378,1881,167,360,1,0,0,1,0,0,1,0,0,1,1,0,0,1,0,0,1,0
6000,2250,265,360,0,1,0,1,1,0,0,0,0,1,1,0,1,0,0,1,0,0
3988,0,50,240,0,1,0,1,0,1,0,0,0,1,1,0,0,1,0,0,1,1
2366,2531,136,360,0,1,1,0,1,0,0,0,0,1,1,0,0,1,0,1,0,1
3333,2000,99,360,0,1,0,1,0,0,1,0,1,0,1,0,1,0,0,1,0,1
2500,2118,104,360,0,1,0,1,1,0,0,0,0,1,1,0,0,1,0,1,0,1
8566,0,210,360,0,1,1,0,1,0,0,0,0,1,1,0,0,1,0,0,1,1
5695,4167,175,360,0,1,0,1,1,0,0,0,0,1,1,0,0,1,0,1,0,1
2958,2900,131,360,0,1,0,1,1,0,0,0,0,1,1,0,0,1,0,1,0,1
6250,5654,188,180,0,1,0,1,0,0,1,0,0,1,1,0,0,1,0,1,0,1
3273,1820,81,360,0,1,0,1,0,0,1,0,1,0,1,0,0,1,0,0,1,1
4133,0,122,360,0,1,1,0,1,0,0,0,0,1,1,0,0,1,0,1,0,1
3620,0,25,120,0,1,1,0,1,0,0,0,1,0,1,0,0,1,0,1,0,1
6782,0,126,360,0,1,1,0,1,0,0,0,0,1,0,1,1,0,0,0,1,0
2484,2302,137,360,1,0,0,1,1,0,0,0,0,1,1,0,0,1,0,1,0,1
1977,997,50,360,0,1,0,1,1,0,0,0,0,1,1,0,0,1,0,1,0,1
4188,0,115,180,0,1,0,1,1,0,0,0,1,0,1,0,0,1,0,1,0,1
1759,3541,131,360,0,1,0,1,1,0,0,0,0,1,1,0,0,1,0,1,0,1
4288,3263,133,180,0,1,0,1,0,0,1,0,1,0,1,0,0,1,0,0,1,1
4843,3806,151,360,0,1,1,0,1,0,0,0,0,1,1,0,0,1,0,1,0,1
13650,0,126,360,0,1,0,1,1,0,0,0,0,1,1,0,0,1,0,0,1,1
4652,3583,126,360,0,1,0,1,1,0,0,0,0,1,1,0,0,1,0,1,0,1
3816,754,160,360,0,1,1,0,1,0,0,0,0,1,1,0,0,1,0,0,1,1
3052,1030,100,360,0,1,0,1,0,1,0,0,0,1,1,0,0,1,0,0,1,1
11417,1126,225,360,0,1,0,1,0,0,1,0,0,1,1,0,0,1,0,0,1,1
7333,0,120,360,0,1,1,0,1,0,0,0,1,0,0,1,0,1,1,0,0,0
3800,3600,216,360,0,1,0,1,0,0,1,0,0,1,1,0,1,0,0,0,1,0
2071,754,94,480,0,1,0,1,0,0,0,1,1,0,1,0,0,1,0,1,0,1
5316,0,136,360,0,1,1,0,1,0,0,0,0,1,1,0,0,1,0,0,1,1
2929,2333,139,360,1,0,0,1,1,0,0,0,0,1,0,1,0,1,0,1,0,1
3572,4114,152,342.201873,0,1,0,1,1,0,0,0,1,0,1,0,1,0,1,0,0,0
7451,0,126,360,1,0,1,0,0,1,0,0,0,1,0,1,0,1,0,1,0,1
5050,0,118,360,0,1,1,0,1,0,0,0,0,1,0,1,0,1,0,1,0,1
14583,0,185,180,0,1,0,1,0,1,0,0,0,1,1,0,0,1,1,0,0,1
3167,2283,154,360,1,0,0,1,1,0,0,0,0,1,1,0,0,1,0,1,0,1
2214,1398,85,360,0,1,0,1,0,1,0,0,0,1,1,0,1,0,0,0,1,1
5568,2142,175,360,0,1,0,1,1,0,0,0,0,1,1,0,0,1,1,0,0,0
10408,0,259,360,1,0,1,0,1,0,0,0,0,1,1,0,0,1,0,0,1,1
5667,2667,180,360,0,1,0,1,1,0,0,0,0,1,1,0,0,1,1,0,0,1
4166,0,44,360,1,0,1,0,1,0,0,0,0,1,1,0,0,1,0,1,0,1
2137,8980,137,360,1,0,1,0,1,0,0,0,0,1,1,0,1,0,0,1,0,1
2957,0,81,360,0,1,0,1,0,0,1,0,0,1,1,0,0,1,0,1,0,1
4300,2014,194,360,0,1,0,1,1,0,0,0,1,0,1,0,0,1,1,0,0,1
3692,0,93,360,1,0,1,0,1,0,0,0,0,1,1,0,1,0,1,0,0,1
23803,0,370,360,0,1,0,1,0,0,0,1,0,1,1,0,0,1,1,0,0,1
3865,1640,126,360,0,1,1,0,1,0,0,0,0,1,1,0,0,1,1,0,0,1
10513,3850,160,180,0,1,0,1,0,1,0,0,0,1,0,1,1,0,0,0,1,0
6080,2569,182,360,0,1,0,1,1,0,0,0,0,1,1,0,1,0,1,0,0,0
20166,0,650,480,0,1,1,0,1,0,0,0,0,1,0,1,1,0,0,0,1,1
2014,1929,74,360,0,1,1,0,1,0,0,0,0,1,1,0,0,1,0,0,1,1
2718,0,70,360,0,1,1,0,1,0,0,0,0,1,1,0,0,1,0,1,0,1
3459,0,25,120,0,1,0,1,1,0,0,0,0,1,0,1,0,1,0,1,0,1
4895,0,102,360,0,1,1,0,1,0,0,0,0,1,1,0,0,1,0,1,0,1
4000,7750,290,360,0,1,0,1,0,0,0,1,0,1,1,0,0,1,0,1,0,0
4583,0,84,360,1,0,0,1,1,0,0,0,0,1,1,0,0,1,1,0,0,0
3316,3500,88,360,0,1,0,1,0,0,1,0,0,1,0,1,0,1,0,0,1,1
14999,0,242,360,0,1,1,0,1,0,0,0,0,1,1,0,1,0,0,1,0,0
4200,1430,129,360,0,1,0,1,0,0,1,0,1,0,1,0,0,1,1,0,0,0
5042,2083,185,360,0,1,0,1,0,0,1,0,0,1,1,0,0,1,1,0,0,0
5417,0,168,360,0,1,1,0,1,0,0,0,0,1,1,0,0,1,0,0,1,1
6950,0,175,180,0,1,1,0,1,0,0,0,0,1,0,1,0,1,0,1,0,1
2698,2034,122,360,0,1,0,1,1,0,0,0,0,1,1,0,0,1,0,1,0,1
11757,0,187,180,0,1,0,1,0,0,1,0,0,1,1,0,0,1,0,0,1,1
2330,4486,100,360,1,0,0,1,1,0,0,0,0,1,1,0,0,1,0,1,0,1
14866,0,70,360,1,0,0,1,0,0,1,0,0,1,1,0,0,1,0,0,1,1
1538,1425,30,360,0,1,0,1,0,1,0,0,0,1,1,0,0,1,0,0,1,1
10000,1666,225,360,1,0,1,0,1,0,0,0,0,1,1,0,0,1,1,0,0,0
4860,830,125,360,0,1,0,1,1,0,0,0,0,1,1,0,0,1,0,1,0,1
6277,0,118,360,0,1,1,0,1,0,0,0,0,1,1,0,1,0,1,0,0,0
2577,3750,152,360,0,1,0,1,1,0,0,0,0,1,0,1,0,1,1,0,0,1
9166,0,244,360,0,1,1,0,1,0,0,0,0,1,1,0,0,1,0,0,1,0
2281,0,113,360,0,1,0,1,0,0,1,0,1,0,1,0,0,1,1,0,0,0
3254,0,50,360,0,1,1,0,1,0,0,0,0,1,1,0,0,1,0,0,1,1
39999,0,600,180,0,1,0,1,0,0,0,1,0,1,1,0,1,0,0,1,0,1
6000,0,160,360,0,1,0,1,0,1,0,0,0,1,1,0,1,0,1,0,0,1
9538,0,187,360,0,1,0,1,0,1,0,0,0,1,1,0,0,1,0,0,1,1
2980,2083,120,360,0,1,1,0,1,0,0,0,0,1,0,1,0,1,1,0,0,1
4583,5625,255,360,0,1,0,1,1,0,0,0,0,1,1,0,0,1,0,1,0,1
1863,1041,98,360,0,1,0,1,1,0,0,0,1,0,1,0,0,1,0,1,0,1
7933,0,275,360,0,1,0,1,1,0,0,0,0,1,1,0,0,1,0,0,1,0
3089,1280,121,360,0,1,0,1,0,1,0,0,0,1,1,0,1,0,0,1,0,0
4167,1447,158,360,0,1,0,1,0,0,1,0,0,1,1,0,0,1,1,0,0,1
9323,0,75,180,0,1,0,1,1,0,0,0,0,1,1,0,0,1,0,0,1,1
3707,3166,182,342.201873,0,1,0,1,1,0,0,0,0,1,1,0,0,1,1,0,0,1
4583,0,112,360,1,0,0,1,1,0,0,0,0,1,1,0,0,1,1,0,0,0
2439,3333,129,360,0,1,0,1,1,0,0,0,0,1,1,0,0,1,1,0,0,1
2237,0,63,480,0,1,1,0,1,0,0,0,0,1,1,0,1,0,0,1,0,0
8000,0,200,360,0,1,0,1,0,0,1,0,0,1,1,0,0,1,0,1,0,1
1820,1769,95,360,0,1,0,1,1,0,0,0,1,0,0,1,0,1,1,0,0,1
51763,0,700,300,0,1,0,1,0,0,0,1,0,1,1,0,0,1,0,0,1,1
3522,0,81,180,0,1,0,1,0,0,0,1,1,0,1,0,0,1,1,0,0,0
5708,5625,187,360,0,1,0,1,1,0,0,0,0,1,1,0,0,1,0,1,0,1
4344,736,87,360,0,1,0,1,1,0,0,0,1,0,0,1,0,1,0,1,0,0
3497,1964,116,360,0,1,0,1,1,0,0,0,0,1,1,0,0,1,1,0,0,1
2045,1619,101,360,0,1,0,1,0,0,1,0,0,1,1,0,0,1,1,0,0,1
5516,11300,495,360,0,1,0,1,0,0,0,1,0,1,1,0,1,0,0,1,0,0
3750,0,116,360,0,1,0,1,0,1,0,0,0,1,1,0,0,1,0,1,0,1
2333,1451,102,480,0,1,1,0,1,0,0,0,1,0,1,0,1,0,0,0,1,0
6400,7250,180,360,0,1,0,1,0,1,0,0,0,1,1,0,1,0,0,0,1,0
1916,5063,67,360,0,1,1,0,1,0,0,0,0,1,1,0,1,0,1,0,0,0
4600,0,73,180,0,1,0,1,1,0,0,0,0,1,1,0,0,1,0,1,0,1
33846,0,260,360,0,1,0,1,0,1,0,0,0,1,1,0,0,1,0,1,0,0
3625,0,108,360,1,0,0,1,1,0,0,0,0,1,1,0,0,1,0,1,0,1
39147,4750,120,360,0,1,0,1,1,0,0,0,0,1,0,1,0,1,0,1,0,1
2178,0,66,300,0,1,0,1,0,1,0,0,0,1,0,1,1,0,1,0,0,0
2383,2138,58,360,0,1,0,1,1,0,0,0,0,1,1,0,1,0,1,0,0,1
674,5296,168,360,0,1,0,1,1,0,0,0,0,1,0,1,0,1,1,0,0,1
9328,0,188,180,0,1,0,1,1,0,0,0,0,1,1,0,0,1,1,0,0,1
4885,0,48,360,0,1,1,0,1,0,0,0,1,0,1,0,0,1,1,0,0,1
12000,0,164,360,0,1,1,0,1,0,0,0,0,1,1,0,0,1,0,1,0,0
6033,0,160,360,0,1,0,1,1,0,0,0,1,0,1,0,0,1,0,0,1,0
3858,0,76,360,0,1,1,0,1,0,0,0,0,1,1,0,0,1,0,1,0,1
4191,0,120,360,0,1,1,0,1,0,0,0,0,1,1,0,0,1,1,0,0,1
3125,2583,170,360,0,1,0,1,0,1,0,0,0,1,1,0,0,1,0,1,0,0
8333,3750,187,360,0,1,1,0,1,0,0,0,0,1,1,0,0,1,1,0,0,1
1907,2365,120,342.201873,1,0,1,0,1,0,0,0,1,0,1,0,0,1,0,0,1,1
3416,2816,113,360,1,0,0,1,1,0,0,0,0,1,1,0,1,0,0,1,0,1
11000,0,83,360,0,1,1,0,1,0,0,0,0,1,0,1,0,1,0,0,1,0
2600,2500,90,360,0,1,0,1,0,1,0,0,1,0,1,0,0,1,0,1,0,1
4923,0,166,360,0,1,1,0,0,0,1,0,0,1,1,0,1,0,0,1,0,1
3992,0,126,180,0,1,0,1,0,0,0,1,1,0,1,0,0,1,0,0,1,0
3500,1083,135,360,0,1,0,1,0,1,0,0,1,0,1,0,0,1,0,0,1,1
3917,0,124,360,0,1,0,1,0,0,1,0,1,0,1,0,0,1,0,1,0,1
4408,0,120,360,1,0,1,0,1,0,0,0,1,0,1,0,0,1,0,1,0,1
3244,0,80,360,1,0,1,0,1,0,0,0,0,1,1,0,0,1,0,0,1,1
3975,2531,55,360,0,1,1,0,1,0,0,0,1,0,1,0,0,1,1,0,0,1
2479,0,59,360,0,1,1,0,1,0,0,0,0,1,1,0,0,1,0,0,1,1
3418,0,127,360,0,1,1,0,1,0,0,0,0,1,1,0,0,1,0,1,0,0
10000,0,214,360,1,0,1,0,1,0,0,0,0,1,1,0,0,1,0,1,0,0
3430,1250,128,360,0,1,0,1,0,0,0,1,0,1,1,0,1,0,0,1,0,0
7787,0,240,360,0,1,0,1,0,1,0,0,0,1,0,1,0,1,0,0,1,1
5703,0,130,360,0,1,0,1,0,0,0,1,1,0,0,1,0,1,1,0,0,1
3173,3021,137,360,0,1,0,1,1,0,0,0,0,1,1,0,0,1,0,0,1,1
3850,983,100,360,0,1,0,1,0,0,0,1,1,0,1,0,0,1,0,1,0,1
150,1800,135,360,0,1,0,1,1,0,0,0,0,1,1,0,0,1,1,0,0,0
3727,1775,131,360,0,1,0,1,1,0,0,0,0,1,1,0,0,1,0,1,0,1
5000,0,72,360,0,1,0,1,0,0,1,0,0,1,0,1,1,0,0,1,0,0
4283,2383,127,360,1,0,0,1,0,0,1,0,0,1,1,0,1,0,0,1,0,1
2221,0,60,360,0,1,0,1,1,0,0,0,0,1,1,0,1,0,0,0,1,0
4009,1717,116,360,0,1,0,1,0,0,1,0,0,1,1,0,0,1,0,1,0,1
2971,2791,144,360,0,1,1,0,1,0,0,0,0,1,1,0,0,1,0,1,0,1
7578,1010,175,342.201873,0,1,0,1,1,0,0,0,0,1,1,0,0,1,0,1,0,1
6250,0,128,360,0,1,0,1,1,0,0,0,0,1,1,0,0,1,0,1,0,1
3250,0,170,360,0,1,0,1,1,0,0,0,0,1,1,0,0,1,1,0,0,0
4735,0,138,360,0,1,0,1,1,0,0,0,1,0,0,1,0,1,0,0,1,0
6250,1695,210,360,0,1,0,1,0,0,1,0,0,1,1,0,0,1,0,1,0,1
4758,0,158,480,0,1,1,0,1,0,0,0,0,1,1,0,0,1,0,1,0,1
6400,0,200,360,0,1,1,0,1,0,0,0,0,1,0,1,0,1,1,0,0,1
2491,2054,104,360,0,1,0,1,0,1,0,0,0,1,1,0,0,1,0,1,0,1
3716,0,42,180,0,1,0,1,1,0,0,0,0,1,0,1,0,1,1,0,0,1
3189,2598,120,342.201873,0,1,1,0,1,0,0,0,1,0,1,0,0,1,1,0,0,1
8333,0,280,360,1,0,1,0,1,0,0,0,0,1,1,0,0,1,0,1,0,1
3155,1779,140,360,0,1,0,1,0,1,0,0,0,1,1,0,0,1,0,1,0,1
5500,1260,170,360,0,1,0,1,0,1,0,0,0,1,1,0,0,1,1,0,0,1
5746,0,255,360,0,1,0,1,1,0,0,0,0,1,0,1,1,0,0,0,1,0
3463,0,122,360,1,0,1,0,1,0,0,0,0,1,0,1,1,0,0,0,1,1
3812,0,112,360,1,0,1,0,0,1,0,0,0,1,1,0,0,1,1,0,0,1
3315,0,96,360,0,1,0,1,0,1,0,0,0,1,1,0,0,1,0,1,0,1
5819,5000,120,360,0,1,0,1,0,0,1,0,0,1,1,0,0,1,1,0,0,1
2510,1983,140,180,0,1,0,1,0,1,0,0,1,0,1,0,0,1,0,0,1,0
2965,5701,155,60,0,1,1,0,1,0,0,0,0,1,1,0,0,1,0,0,1,1
6250,1300,108,360,0,1,0,1,0,0,1,0,0,1,0,1,0,1,1,0,0,1
3406,4417,123,360,0,1,0,1,1,0,0,0,1,0,1,0,0,1,0,1,0,1
6050,4333,120,180,0,1,1,0,1,0,0,0,0,1,0,1,0,1,0,0,1,0
9703,0,112,360,0,1,0,1,0,0,1,0,0,1,1,0,0,1,0,0,1,1
6608,0,137,180,0,1,0,1,0,1,0,0,1,0,1,0,0,1,0,0,1,1
2882,1843,123,480,0,1,0,1,0,1,0,0,0,1,1,0,0,1,0,1,0,1
1809,1868,90,360,0,1,0,1,1,0,0,0,0,1,1,0,0,1,0,0,1,1
1668,3890,201,360,0,1,0,1,1,0,0,0,1,0,1,0,1,0,0,1,0,0
3427,0,138,360,1,0,1,0,0,0,1,0,0,1,1,0,0,1,0,0,1,0
2583,2167,104,360,0,1,1,0,1,0,0,0,1,0,0,1,0,1,1,0,0,1
2661,7101,279,180,0,1,0,1,0,1,0,0,1,0,1,0,0,1,0,1,0,1
16250,0,192,360,0,1,1,0,1,0,0,0,0,1,0,1,1,0,0,0,1,0
3083,0,255,360,1,0,1,0,0,0,0,1,0,1,1,0,0,1,1,0,0,1
6045,0,115,360,0,1,1,0,1,0,0,0,1,0,1,0,1,0,1,0,0,0
5250,0,94,360,0,1,0,1,0,0,0,1,0,1,1,0,0,1,0,0,1,0
14683,2100,304,360,0,1,0,1,1,0,0,0,0,1,1,0,0,1,1,0,0,0
4931,0,128,360,0,1,0,1,0,0,0,1,1,0,1,0,1,0,0,1,0,0
6083,4250,330,360,0,1,0,1,0,1,0,0,0,1,1,0,1,0,0,0,1,1
2060,2209,134,360,0,1,1,0,1,0,0,0,0,1,1,0,0,1,0,1,0,1
3481,0,155,36,1,0,1,0,0,1,0,0,0,1,1,0,0,1,0,1,0,0
7200,0,120,360,1,0,1,0,1,0,0,0,0,1,1,0,0,1,1,0,0,1
5166,0,128,360,0,1,1,0,1,0,0,0,0,1,0,1,0,1,0,1,0,1
4095,3447,151,360,0,1,1,0,1,0,0,0,0,1,1,0,0,1,1,0,0,1
4708,1387,150,360,0,1,0,1,0,0,1,0,0,1,1,0,0,1,0,1,0,1
4333,1811,160,360,0,1,0,1,0,0,0,1,0,1,1,0,1,0,0,0,1,1
3418,0,135,360,1,0,1,0,1,0,0,0,0,1,0,1,0,1,1,0,0,0
2876,1560,90,360,1,0,1,0,0,1,0,0,0,1,1,0,0,1,0,0,1,1
3237,0,30,360,1,0,1,0,1,0,0,0,0,1,1,0,0,1,0,0,1,1
11146,0,136,360,0,1,0,1,1,0,0,0,0,1,1,0,0,1,0,0,1,1
2833,1857,126,360,0,1,1,0,1,0,0,0,0,1,1,0,0,1,1,0,0,1
2620,2223,150,360,0,1,0,1,1,0,0,0,0,1,1,0,0,1,0,1,0,1
3900,0,90,360,0,1,0,1,0,0,1,0,0,1,1,0,0,1,0,1,0,1
2750,1842,115,360,0,1,0,1,0,1,0,0,0,1,1,0,0,1,0,1,0,1
3993,3274,207,360,0,1,0,1,1,0,0,0,0,1,1,0,0,1,0,1,0,1
3103,1300,80,360,0,1,0,1,1,0,0,0,0,1,1,0,0,1,0,0,1,1
14583,0,436,360,0,1,0,1,1,0,0,0,0,1,1,0,0,1,0,1,0,1
4100,0,124,360,1,0,0,1,1,0,0,0,1,0,1,0,1,0,1,0,0,1
4053,2426,158,360,0,1,1,0,0,1,0,0,1,0,0,1,1,0,0,0,1,0
3927,800,112,360,0,1,0,1,1,0,0,0,0,1,1,0,0,1,0,1,0,1
2301,985.7999878,78,180,0,1,0,1,0,0,1,0,0,1,1,0,0,1,0,0,1,1
1811,1666,54,360,1,0,1,0,1,0,0,0,0,1,1,0,0,1,0,0,1,1
20667,0,126,360,0,1,0,1,1,0,0,0,0,1,1,0,0,1,1,0,0,0
3158,3053,89,360,0,1,1,0,1,0,0,0,0,1,1,0,0,1,1,0,0,1
2600,1717,99,300,1,0,1,0,1,0,0,0,0,1,0,1,0,1,0,1,0,0
3704,2000,120,360,0,1,0,1,1,0,0,0,0,1,1,0,0,1,1,0,0,1
4124,0,115,360,1,0,1,0,1,0,0,0,0,1,1,0,0,1,0,1,0,1
9508,0,187,360,0,1,1,0,1,0,0,0,0,1,1,0,0,1,1,0,0,1
3075,2416,139,360,0,1,0,1,1,0,0,0,0,1,1,0,0,1,1,0,0,1
4400,0,127,360,0,1,0,1,0,0,1,0,0,1,1,0,1,0,0,1,0,0
3153,1560,134,360,0,1,0,1,0,0,1,0,0,1,1,0,0,1,0,0,1,1
5417,0,143,480,1,0,1,0,1,0,0,0,0,1,1,0,1,0,0,0,1,0
2383,3334,172,360,0,1,0,1,1,0,0,0,0,1,1,0,0,1,0,1,0,1
4416,1250,110,360,0,1,0,1,0,0,0,1,0,1,0,1,0,1,0,0,1,1
6875,0,200,360,0,1,0,1,0,1,0,0,0,1,1,0,0,1,0,1,0,1
4666,0,135,360,1,0,0,1,0,1,0,0,0,1,1,0,0,1,0,0,1,1
5000,2541,151,480,1,0,1,0,1,0,0,0,0,1,1,0,0,1,1,0,0,0
2014,2925,113,360,0,1,0,1,0,1,0,0,0,1,1,0,0,1,0,0,1,0
1800,2934,93,360,0,1,0,1,1,0,0,0,1,0,1,0,1,0,0,0,1,0
2875,1750,105,360,0,1,0,1,1,0,0,0,1,0,1,0,0,1,0,1,0,1
5000,0,132,360,1,0,1,0,1,0,0,0,0,1,1,0,0,1,1,0,0,1
1625,1803,96,360,0,1,0,1,0,1,0,0,0,1,1,0,0,1,0,0,1,1
4000,2500,140,360,0,1,1,0,1,0,0,0,0,1,1,0,0,1,1,0,0,1
2000,0,126,360,0,1,1,0,1,0,0,0,1,0,1,0,0,1,0,0,1,0
3762,1666,135,360,1,0,1,0,1,0,0,0,0,1,1,0,0,1,1,0,0,1
2400,1863,104,360,1,0,1,0,1,0,0,0,0,1,1,0,1,0,0,0,1,0
20233,0,480,360,0,1,1,0,1,0,0,0,0,1,1,0,0,1,1,0,0,0
7667,0,185,360,0,1,0,1,0,0,1,0,1,0,1,0,1,0,1,0,0,1
2917,0,84,360,1,0,1,0,1,0,0,0,0,1,1,0,0,1,0,1,0,1
2927,2405,111,360,0,1,1,0,1,0,0,0,1,0,1,0,0,1,0,1,0,1
2507,0,56,360,1,0,1,0,1,0,0,0,0,1,1,0,0,1,1,0,0,1
5746,0,144,84,0,1,0,1,0,0,1,0,0,1,0,1,1,0,1,0,0,1
2473,1843,159,360,0,1,0,1,1,0,0,0,0,1,1,0,0,1,1,0,0,0
3399,1640,111,180,0,1,0,1,0,1,0,0,1,0,1,0,0,1,0,0,1,1
3717,0,120,360,0,1,0,1,0,0,1,0,0,1,1,0,0,1,0,1,0,1
2058,2134,88,360,0,1,0,1,1,0,0,0,0,1,1,0,1,0,0,0,1,1
3541,0,112,360,1,0,1,0,0,1,0,0,0,1,1,0,1,0,0,1,0,1
10000,0,155,360,0,1,0,1,0,1,0,0,0,1,0,1,0,1,1,0,0,0
2400,2167,115,360,0,1,0,1,1,0,0,0,0,1,1,0,0,1,0,1,0,1
4342,189,124,360,0,1,0,1,0,0,0,1,0,1,1,0,0,1,0,1,0,1
3601,1590,126,360,0,1,0,1,0,0,1,0,1,0,1,0,0,1,1,0,0,1
3166,2985,132,360,1,0,1,0,1,0,0,0,0,1,1,0,1,0,1,0,0,1
15000,0,300,360,0,1,0,1,0,0,0,1,0,1,1,0,0,1,1,0,0,1
8666,4983,376,360,0,1,0,1,0,1,0,0,0,1,0,1,1,0,1,0,0,0
4917,0,130,360,0,1,1,0,1,0,0,0,0,1,1,0,1,0,1,0,0,1
5818,2160,184,360,0,1,0,1,1,0,0,0,0,1,0,1,0,1,0,1,0,1
4333,2451,110,360,1,0,0,1,1,0,0,0,0,1,1,0,0,1,0,0,1,0
2500,0,67,360,1,0,1,0,1,0,0,0,0,1,1,0,0,1,0,0,1,1
4384,1793,117,360,0,1,1,0,0,1,0,0,0,1,1,0,0,1,0,0,1,1
2935,0,98,360,0,1,1,0,1,0,0,0,0,1,1,0,0,1,0,1,0,1
2833,0,71,360,0,1,1,0,1,0,0,0,0,1,1,0,0,1,0,0,1,1
63337,0,490,180,0,1,0,1,1,0,0,0,0,1,0,1,0,1,0,0,1,1
9833,1833,182,180,0,1,0,1,0,1,0,0,0,1,0,1,0,1,0,0,1,1
5503,4490,70,342.201873,0,1,0,1,1,0,0,0,0,1,0,1,0,1,0,1,0,1
5250,688,160,360,0,1,0,1,0,1,0,0,0,1,0,1,0,1,1,0,0,1
2500,4600,176,360,0,1,0,1,0,0,1,0,0,1,0,1,0,1,1,0,0,1
1830,0,126,360,1,0,1,0,0,0,0,1,1,0,1,0,1,0,0,0,1,0
4160,0,71,360,1,0,1,0,1,0,0,0,0,1,1,0,0,1,0,1,0,1
2647,1587,173,360,0,1,0,1,0,0,0,1,1,0,1,0,0,1,1,0,0,0
2378,0,46,360,1,0,1,0,1,0,0,0,0,1,1,0,0,1,1,0,0,0
4554,1229,158,360,0,1,0,1,0,1,0,0,1,0,1,0,0,1,0,0,1,1
3173,0,74,360,0,1,0,1,0,0,0,1,1,0,1,0,0,1,0,1,0,1
2583,2330,125,360,0,1,0,1,0,0,1,0,0,1,0,1,0,1,1,0,0,1
2499,2458,160,360,0,1,0,1,1,0,0,0,0,1,1,0,0,1,0,1,0,1
3523,3230,152,360,0,1,0,1,1,0,0,0,1,0,1,0,1,0,1,0,0,0
3083,2168,126,360,0,1,0,1,0,0,1,0,1,0,1,0,0,1,0,0,1,1
6333,4583,259,360,0,1,0,1,1,0,0,0,0,1,1,0,1,0,0,1,0,1
2625,6250,187,360,0,1,0,1,1,0,0,0,0,1,1,0,0,1,1,0,0,1
9083,0,228,360,0,1,0,1,1,0,0,0,0,1,1,0,0,1,0,1,0,1
8750,4167,308,360,0,1,1,0,1,0,0,0,0,1,1,0,0,1,1,0,0,0
2666,2083,95,360,0,1,0,1,0,0,0,1,0,1,1,0,0,1,1,0,0,1
5500,0,105,360,1,0,0,1,1,0,0,0,0,1,0,1,1,0,1,0,0,0
2423,505,130,360,1,0,0,1,1,0,0,0,0,1,1,0,0,1,0,1,0,1
3813,0,116,180,1,0,1,0,1,0,0,0,0,1,1,0,0,1,0,0,1,1
8333,3167,165,360,0,1,0,1,0,0,1,0,0,1,1,0,0,1,1,0,0,1
3875,0,67,360,0,1,0,1,0,1,0,0,0,1,1,0,0,1,0,0,1,0
3000,1666,100,480,0,1,0,1,1,0,0,0,1,0,1,0,1,0,0,0,1,0
5167,3167,200,360,0,1,0,1,0,0,0,1,0,1,1,0,0,1,0,1,0,1
4723,0,81,360,1,0,1,0,0,1,0,0,0,1,1,0,0,1,0,1,0,0
5000,3667,236,360,0,1,0,1,0,0,1,0,0,1,1,0,0,1,0,1,0,1
4750,2333,130,360,0,1,0,1,1,0,0,0,0,1,1,0,0,1,0,0,1,1
3013,3033,95,300,0,1,0,1,1,0,0,0,0,1,1,0,1,0,0,0,1,1
6822,0,141,360,0,1,1,0,1,0,0,0,0,1,0,1,0,1,1,0,0,1
6216,0,133,360,0,1,1,0,1,0,0,0,1,0,1,0,0,1,1,0,0,0
2500,0,96,480,0,1,1,0,1,0,0,0,0,1,1,0,0,1,0,1,0,0
5124,0,124,342.201873,0,1,1,0,1,0,0,0,0,1,1,0,1,0,1,0,0,0
6325,0,175,360,0,1,0,1,0,1,0,0,0,1,1,0,0,1,0,1,0,1
19730,5266,570,360,0,1,0,1,1,0,0,0,0,1,1,0,0,1,1,0,0,0
15759,0,55,360,1,0,1,0,1,0,0,0,0,1,0,1,0,1,0,1,0,1
5185,0,155,360,0,1,0,1,0,0,1,0,0,1,1,0,0,1,0,1,0,1
9323,7873,380,300,0,1,0,1,0,0,1,0,0,1,0,1,0,1,1,0,0,1
3062,1987,111,180,0,1,1,0,0,1,0,0,0,1,1,0,1,0,0,0,1,0
2764,1459,110,360,1,0,1,0,1,0,0,0,0,1,0,1,0,1,0,0,1,1
4817,923,120,180,0,1,0,1,1,0,0,0,0,1,1,0,0,1,0,0,1,1
8750,4996,130,360,0,1,0,1,0,0,0,1,0,1,1,0,0,1,1,0,0,1
4310,0,130,360,0,1,0,1,1,0,0,0,0,1,1,0,1,0,0,1,0,1
3069,0,71,480,0,1,1,0,1,0,0,0,0,1,1,0,0,1,0,0,1,0
5391,0,130,360,0,1,0,1,0,0,1,0,0,1,1,0,0,1,0,0,1,1
3333,2500,128,360,0,1,0,1,1,0,0,0,0,1,0,1,0,1,0,1,0,1
5941,4232,296,360,0,1,1,0,1,0,0,0,0,1,1,0,0,1,0,1,0,1
6000,0,156,360,1,0,1,0,1,0,0,0,0,1,1,0,0,1,0,0,1,1
7167,0,128,360,0,1,1,0,1,0,0,0,0,1,0,1,0,1,0,0,1,1
4566,0,100,360,0,1,0,1,0,0,1,0,0,1,1,0,0,1,0,0,1,0
3667,0,113,180,0,1,1,0,0,1,0,0,0,1,0,1,0,1,0,0,1,1
2346,1600,132,360,0,1,1,0,1,0,0,0,1,0,1,0,0,1,0,1,0,1
3010,3136,126,360,0,1,0,1,1,0,0,0,1,0,1,0,1,0,0,0,1,0
2333,2417,136,360,0,1,0,1,1,0,0,0,0,1,1,0,0,1,0,0,1,1
5488,0,125,360,0,1,0,1,1,0,0,0,0,1,1,0,0,1,1,0,0,1
9167,0,185,360,0,1,1,0,0,0,0,1,0,1,1,0,0,1,1,0,0,1
9504,0,275,360,0,1,0,1,0,0,0,1,0,1,1,0,0,1,1,0,0,1
2583,2115,120,360,0,1,0,1,1,0,0,0,0,1,1,0,1,0,0,0,1,1
1993,1625,113,180,0,1,0,1,0,0,1,0,1,0,1,0,0,1,0,1,0,1
3100,1400,113,360,0,1,0,1,0,0,1,0,0,1,1,0,0,1,0,0,1,1
3276,484,135,360,0,1,0,1,0,0,1,0,0,1,1,0,1,0,0,1,0,1
3180,0,71,360,1,0,1,0,1,0,0,0,0,1,1,0,1,0,0,0,1,0
3033,1459,95,360,0,1,0,1,1,0,0,0,0,1,1,0,0,1,0,0,1,1
3902,1666,109,360,0,1,1,0,1,0,0,0,1,0,1,0,0,1,1,0,0,1
1500,1800,103,360,1,0,1,0,1,0,0,0,0,1,1,0,1,0,0,1,0,0
2889,0,45,180,0,1,0,1,0,0,1,0,1,0,1,0,1,0,0,0,1,0
2755,0,65,300,0,1,1,0,1,0,0,0,1,0,1,0,0,1,1,0,0,0
2500,20000,103,360,0,1,1,0,1,0,0,0,0,1,1,0,0,1,0,1,0,1
1963,0,53,360,1,0,1,0,1,0,0,0,1,0,1,0,0,1,0,1,0,1
7441,0,194,360,1,0,1,0,1,0,0,0,0,1,0,1,0,1,1,0,0,0
4547,0,115,360,1,0,1,0,1,0,0,0,0,1,1,0,0,1,0,1,0,1
2167,2400,115,360,0,1,0,1,1,0,0,0,1,0,1,0,0,1,0,0,1,1
2213,0,66,360,1,0,1,0,1,0,0,0,1,0,1,0,0,1,1,0,0,1
8300,0,152,300,0,1,0,1,0,1,0,0,0,1,1,0,1,0,0,1,0,0
81000,0,360,360,0,1,0,1,0,0,0,1,0,1,1,0,1,0,1,0,0,0
3867,0,62,360,1,0,1,0,0,1,0,0,1,0,0,1,0,1,0,1,0,0
6256,0,160,360,0,1,0,1,1,0,0,0,0,1,0,1,1,0,0,0,1,1
6096,0,218,360,0,1,0,1,1,0,0,0,1,0,1,0,1,0,1,0,0,0
2253,2033,110,360,0,1,0,1,1,0,0,0,1,0,1,0,0,1,1,0,0,1
2149,3237,178,360,1,0,0,1,1,0,0,0,1,0,1,0,1,0,0,1,0,0
2995,0,60,360,1,0,1,0,1,0,0,0,0,1,1,0,0,1,0,0,1,1
2600,0,160,360,1,0,1,0,0,1,0,0,0,1,1,0,0,1,0,0,1,0
1600,20000,239,360,0,1,0,1,0,0,1,0,0,1,0,1,0,1,0,0,1,0
1025,2773,112,360,0,1,0,1,1,0,0,0,0,1,1,0,0,1,1,0,0,1
3246,1417,138,360,0,1,0,1,1,0,0,0,0,1,1,0,0,1,0,1,0,1
5829,0,138,360,0,1,0,1,1,0,0,0,0,1,1,0,0,1,1,0,0,1
2720,0,80,342.201873,1,0,1,0,1,0,0,0,1,0,1,0,1,0,0,0,1,0
1820,1719,100,360,0,1,0,1,1,0,0,0,0,1,1,0,0,1,0,0,1,1
7250,1667,110,342.201873,0,1,0,1,0,1,0,0,0,1,1,0,1,0,0,0,1,0
14880,0,96,360,0,1,0,1,1,0,0,0,0,1,1,0,0,1,0,1,0,1
2666,4300,121,360,0,1,0,1,1,0,0,0,0,1,1,0,0,1,1,0,0,1
4606,0,81,360,1,0,1,0,0,1,0,0,1,0,1,0,0,1,1,0,0,0
5935,0,133,360,0,1,0,1,0,0,1,0,0,1,1,0,0,1,0,1,0,1
2920,16.12000084,87,360,0,1,0,1,1,0,0,0,0,1,1,0,0,1,1,0,0,1
2717,0,60,180,0,1,1,0,1,0,0,0,1,0,1,0,0,1,0,0,1,1
8624,0,150,360,1,0,1,0,0,1,0,0,0,1,0,1,0,1,0,1,0,1
6500,0,105,360,0,1,1,0,1,0,0,0,0,1,1,0,1,0,1,0,0,0
12876,0,405,360,0,1,1,0,1,0,0,0,0,1,0,1,0,1,0,1,0,1
2425,2340,143,360,0,1,0,1,1,0,0,0,0,1,1,0,0,1,0,1,0,1
3750,0,100,360,0,1,1,0,1,0,0,0,0,1,1,0,0,1,0,0,1,1
10047,0,126,240,1,0,1,0,1,0,0,0,0,1,1,0,0,1,0,1,0,1
1926,1851,50,360,0,1,1,0,1,0,0,0,0,1,1,0,0,1,0,1,0,1
2213,1125,126,360,0,1,0,1,1,0,0,0,0,1,1,0,0,1,0,0,1,1
10416,0,187,360,0,1,1,0,1,0,0,0,0,1,0,1,1,0,0,0,1,0
7142,0,138,360,1,0,0,1,1,0,0,0,1,0,0,1,0,1,1,0,0,1
3660,5064,187,360,0,1,1,0,1,0,0,0,0,1,1,0,0,1,0,1,0,1
7901,1833,180,360,0,1,0,1,1,0,0,0,0,1,1,0,0,1,1,0,0,1
4707,1993,148,360,0,1,1,0,0,0,0,1,1,0,1,0,0,1,0,1,0,1
37719,0,152,360,0,1,1,0,0,1,0,0,0,1,1,0,0,1,0,1,0,1
7333,8333,175,300,0,1,0,1,1,0,0,0,0,1,1,0,1,0,1,0,0,1
3466,1210,130,360,0,1,0,1,0,1,0,0,0,1,0,1,0,1,1,0,0,1
4652,0,110,360,0,1,0,1,0,0,1,0,1,0,1,0,0,1,1,0,0,1
3539,1376,55,360,0,1,0,1,1,0,0,0,0,1,0,1,0,1,1,0,0,0
3340,1710,150,360,0,1,0,1,0,0,1,0,0,1,1,0,1,0,1,0,0,0
2769,1542,190,360,0,1,1,0,0,1,0,0,1,0,0,1,1,0,0,1,0,0
2309,1255,125,360,0,1,0,1,0,0,1,0,1,0,1,0,1,0,1,0,0,0
1958,1456,60,300,0,1,0,1,0,0,1,0,1,0,1,0,1,0,0,0,1,1
3948,1733,149,360,0,1,0,1,1,0,0,0,0,1,1,0,1,0,1,0,0,0
2483,2466,90,180,0,1,0,1,1,0,0,0,0,1,1,0,1,0,1,0,0,1
7085,0,84,360,0,1,1,0,1,0,0,0,0,1,0,1,0,1,0,1,0,1
3859,0,96,360,0,1,0,1,0,0,1,0,0,1,1,0,0,1,0,1,0,1
4301,0,118,360,0,1,0,1,1,0,0,0,0,1,1,0,0,1,0,0,1,1
3708,2569,173,360,0,1,0,1,1,0,0,0,0,1,1,0,0,1,0,0,1,0
4354,0,136,360,0,1,1,0,0,0,1,0,0,1,1,0,0,1,1,0,0,1
8334,0,160,360,0,1,0,1,1,0,0,0,0,1,1,0,0,1,0,1,0,0
2083,4083,160,360,0,1,0,1,1,0,0,0,0,1,0,1,1,0,0,1,0,1
7740,0,128,180,0,1,0,1,0,0,0,1,0,1,1,0,0,1,0,0,1,1
3015,2188,153,360,0,1,0,1,1,0,0,0,0,1,1,0,0,1,1,0,0,1
5191,0,132,360,1,0,1,0,0,1,0,0,1,0,0,1,0,1,0,1,0,1
4166,0,98,360,0,1,1,0,1,0,0,0,0,1,1,0,1,0,0,1,0,0
6000,0,140,360,0,1,1,0,1,0,0,0,0,1,1,0,0,1,1,0,0,1
2947,1664,70,180,0,1,0,1,0,0,0,1,1,0,1,0,1,0,0,0,1,0
16692,0,110,360,0,1,0,1,1,0,0,0,0,1,1,0,0,1,0,1,0,1
210,2917,98,360,1,0,0,1,0,0,1,0,1,0,0,1,0,1,0,1,0,1
4333,2451,110,360,0,1,0,1,1,0,0,0,0,1,1,0,0,1,0,0,1,0
3450,2079,162,360,0,1,0,1,0,1,0,0,0,1,0,1,0,1,0,1,0,1
2653,1500,113,180,0,1,0,1,0,1,0,0,1,0,1,0,1,0,1,0,0,0
4691,0,100,360,0,1,0,1,0,0,0,1,0,1,1,0,0,1,0,1,0,1
2500,0,93,360,1,0,1,0,1,0,0,0,0,1,0,1,1,0,0,0,1,1
5532,4648,162,360,0,1,1,0,0,0,1,0,0,1,1,0,0,1,1,0,0,1
16525,1014,150,360,0,1,0,1,0,0,1,0,0,1,0,1,0,1,1,0,0,1
6700,1750,230,300,0,1,0,1,0,0,1,0,0,1,1,0,0,1,0,1,0,1
2873,1872,132,360,0,1,0,1,0,0,1,0,0,1,1,0,1,0,0,1,0,0
16667,2250,86,360,0,1,0,1,0,1,0,0,0,1,0,1,0,1,0,1,0,1
2947,1603,126,360,0,1,0,1,0,0,1,0,0,1,1,0,0,1,0,0,1,0
4350,0,154,360,1,0,1,0,1,0,0,0,1,0,1,0,0,1,1,0,0,1
3095,0,113,360,0,1,0,1,0,0,0,1,1,0,1,0,0,1,1,0,0,1
2083,3150,128,360,0,1,0,1,1,0,0,0,0,1,1,0,0,1,0,1,0,1
10833,0,234,360,0,1,0,1,1,0,0,0,0,1,1,0,0,1,0,1,0,1
8333,0,246,360,0,1,0,1,0,0,1,0,0,1,1,0,0,1,0,1,0,1
1958,2436,131,360,0,1,0,1,0,1,0,0,1,0,1,0,0,1,1,0,0,1
3547,0,80,360,0,1,1,0,0,0,1,0,0,1,1,0,1,0,1,0,0,0
18333,0,500,360,0,1,0,1,0,1,0,0,0,1,1,0,0,1,0,0,1,0
4583,2083,160,360,0,1,0,1,0,0,1,0,0,1,0,1,0,1,0,1,0,1
2435,0,75,360,0,1,1,0,1,0,0,0,0,1,1,0,0,1,0,0,1,0
2699,2785,96,360,0,1,1,0,1,0,0,0,1,0,1,0,1,0,0,1,0,1
5333,1131,186,360,0,1,0,1,0,1,0,0,1,0,1,0,1,0,0,0,1,1
3691,0,110,360,0,1,1,0,1,0,0,0,1,0,1,0,0,1,1,0,0,1
17263,0,225,360,1,0,1,0,1,0,0,0,1,0,0,1,0,1,0,1,0,1
3597,2157,119,360,0,1,0,1,1,0,0,0,0,1,1,0,1,0,1,0,0,0
3326,913,105,84,1,0,0,1,0,1,0,0,0,1,1,0,0,1,0,1,0,1
2600,1700,107,360,0,1,0,1,1,0,0,0,1,0,1,0,0,1,1,0,0,1
4625,2857,111,12,0,1,0,1,1,0,0,0,0,1,1,0,1,0,0,0,1,1
2895,0,95,360,0,1,0,1,0,1,0,0,0,1,0,1,0,1,0,1,0,1
6283,4416,209,360,0,1,1,0,1,0,0,0,0,1,1,0,1,0,1,0,0,0
645,3683,113,480,1,0,1,0,1,0,0,0,0,1,1,0,0,1,1,0,0,1
3159,0,100,360,1,0,1,0,1,0,0,0,0,1,1,0,0,1,0,1,0,1
4865,5624,208,360,0,1,0,1,0,0,1,0,0,1,1,0,0,1,0,1,0,1
4050,5302,138,360,0,1,0,1,0,1,0,0,1,0,1,0,1,0,1,0,0,0
3814,1483,124,300,0,1,0,1,1,0,0,0,1,0,1,0,0,1,0,1,0,1
3510,4416,243,360,0,1,0,1,0,0,1,0,0,1,1,0,0,1,1,0,0,1
20833,6667,480,360,0,1,0,1,1,0,0,0,0,1,1,0,1,0,0,0,1,1
3583,0,96,360,0,1,1,0,1,0,0,0,0,1,1,0,0,1,0,0,1,0
2479,3013,188,360,0,1,0,1,1,0,0,0,0,1,0,1,0,1,0,0,1,1
13262,0,40,360,1,0,1,0,0,1,0,0,0,1,1,0,0,1,0,0,1,1
3598,1287,100,360,0,1,1,0,1,0,0,0,1,0,1,0,0,1,1,0,0,0
6065,2004,250,360,0,1,0,1,0,1,0,0,0,1,1,0,0,1,0,1,0,1
3283,2035,148,360,0,1,0,1,0,0,1,0,0,1,1,0,0,1,0,0,1,1
2130,6666,70,180,0,1,0,1,1,0,0,0,0,1,1,0,0,1,0,1,0,0
5815,3666,311,360,0,1,1,0,1,0,0,0,0,1,1,0,0,1,1,0,0,0
3466,3428,150,360,0,1,0,1,0,0,0,1,0,1,1,0,0,1,1,0,0,1
2031,1632,113,480,1,0,0,1,0,0,1,0,0,1,1,0,0,1,0,1,0,1
3074,1800,123,360,0,1,0,1,1,0,0,0,1,0,1,0,1,0,0,1,0,0
4683,1915,185,360,0,1,1,0,1,0,0,0,0,1,1,0,0,1,0,1,0,0
3400,0,95,360,1,0,1,0,1,0,0,0,1,0,1,0,0,1,1,0,0,0
2192,1742,45,360,0,1,0,1,0,0,1,0,1,0,1,0,0,1,0,1,0,1
2500,0,55,360,0,1,1,0,1,0,0,0,0,1,1,0,0,1,0,1,0,1
5677,1424,100,360,0,1,0,1,0,0,0,1,0,1,0,1,0,1,1,0,0,1
7948,7166,480,360,0,1,0,1,0,0,1,0,0,1,0,1,0,1,1,0,0,1
4680,2087,126,360,0,1,1,0,1,0,0,0,0,1,1,0,0,1,0,1,0,0
17500,0,400,360,0,1,0,1,0,0,1,0,0,1,0,1,0,1,1,0,0,1
3775,0,110,360,0,1,0,1,1,0,0,0,0,1,1,0,0,1,0,1,0,1
5285,1430,161,360,0,1,0,1,0,1,0,0,1,0,1,0,1,0,0,1,0,1
2679,1302,94,360,0,1,1,0,0,1,0,0,1,0,1,0,0,1,0,1,0,1
6783,0,130,360,0,1,1,0,1,0,0,0,1,0,1,0,0,1,0,1,0,1
1025,5500,216,360,0,1,0,1,1,0,0,0,0,1,1,0,1,0,1,0,0,1
4281,0,100,360,0,1,0,1,0,0,0,1,0,1,1,0,0,1,0,0,1,1
3588,0,110,360,0,1,1,0,0,0,1,0,0,1,1,0,1,0,1,0,0,0
11250,0,196,360,0,1,1,0,0,1,0,0,0,1,1,0,1,0,0,1,0,0
18165,0,125,360,1,0,1,0,1,0,0,0,1,0,0,1,0,1,0,0,1,1
2550,2042,126,360,0,1,1,0,1,0,0,0,1,0,0,1,0,1,1,0,0,1
6133,3906,324,360,0,1,0,1,1,0,0,0,0,1,1,0,0,1,0,0,1,1
3617,0,107,360,0,1,1,0,0,0,1,0,0,1,1,0,0,1,0,1,0,1
2917,536,66,360,0,1,0,1,1,0,0,0,1,0,1,0,0,1,1,0,0,0
6417,0,157,180,0,1,0,1,0,0,0,1,0,1,1,0,0,1,1,0,0,1
4608,2845,140,180,1,0,0,1,0,1,0,0,0,1,1,0,0,1,0,1,0,1
2138,0,99,360,1,0,1,0,1,0,0,0,0,1,1,0,1,0,0,1,0,0
3652,0,95,360,1,0,1,0,0,1,0,0,0,1,0,1,0,1,0,1,0,1
2239,2524,128,360,0,1,0,1,0,1,0,0,1,0,1,0,0,1,0,0,1,1
3017,663,102,360,1,0,0,1,1,0,0,0,1,0,1,0,1,0,0,1,0,1
2768,1950,155,360,0,1,0,1,1,0,0,0,0,1,1,0,0,1,1,0,0,1
3358,0,80,36,0,1,1,0,1,0,0,0,1,0,1,0,0,1,0,1,0,0
2526,1783,145,360,0,1,1,0,1,0,0,0,0,1,1,0,0,1,1,0,0,1
5000,0,103,360,1,0,1,0,1,0,0,0,0,1,1,0,1,0,0,1,0,0
2785,2016,110,360,0,1,0,1,1,0,0,0,0,1,1,0,0,1,1,0,0,1
6633,0,126,360,0,1,0,1,0,0,1,0,0,1,0,1,1,0,1,0,0,0
2492,2375,126,360,0,1,0,1,0,1,0,0,1,0,1,0,0,1,1,0,0,1
3333,3250,158,360,0,1,0,1,0,1,0,0,0,1,1,0,0,1,0,0,1,1
2454,2333,181,360,0,1,0,1,1,0,0,0,1,0,1,0,1,0,0,0,1,0
3593,4266,132,180,0,1,0,1,1,0,0,0,0,1,1,0,1,0,1,0,0,0
5468,1032,26,360,0,1,0,1,0,1,0,0,0,1,1,0,0,1,0,1,0,1
2667,1625,84,360,1,0,1,0,1,0,0,0,0,1,1,0,1,0,0,0,1,1
10139,0,260,360,0,1,0,1,0,0,0,1,0,1,0,1,0,1,0,1,0,1
3887,2669,162,360,0,1,0,1,1,0,0,0,0,1,1,0,0,1,0,1,0,1
4180,2306,182,360,1,0,0,1,1,0,0,0,0,1,1,0,0,1,0,1,0,1
3675,242,108,360,0,1,0,1,0,0,1,0,1,0,1,0,0,1,0,1,0,1
19484,0,600,360,1,0,0,1,0,1,0,0,0,1,0,1,0,1,0,1,0,1
5923,2054,211,360,0,1,0,1,1,0,0,0,0,1,1,0,0,1,1,0,0,1
5800,0,132,360,0,1,1,0,1,0,0,0,1,0,0,1,0,1,0,1,0,1
8799,0,258,360,0,1,0,1,0,0,1,0,0,1,1,0,1,0,0,0,1,0
4467,0,120,360,0,1,0,1,1,0,0,0,1,0,1,0,1,0,1,0,0,1
3333,0,70,360,0,1,1,0,1,0,0,0,0,1,1,0,0,1,0,0,1,1
3400,2500,123,360,0,1,0,1,0,0,0,1,0,1,1,0,1,0,1,0,0,0
2378,0,9,360,1,0,1,0,1,0,0,0,0,1,1,0,0,1,0,0,1,0
3166,2064,104,360,0,1,0,1,1,0,0,0,0,1,1,0,1,0,0,0,1,0
3417,1750,186,360,0,1,0,1,0,1,0,0,0,1,1,0,0,1,0,0,1,1
5116,1451,165,360,0,1,0,1,1,0,0,0,0,1,1,0,1,0,0,0,1,0
16666,0,275,360,0,1,0,1,0,0,1,0,0,1,1,0,0,1,0,0,1,1
6125,1625,187,480,0,1,0,1,0,0,1,0,1,0,1,0,0,1,0,1,0,0
6406,0,150,360,0,1,0,1,0,0,0,1,0,1,1,0,0,1,0,1,0,0
3159,461,108,84,0,1,0,1,0,0,1,0,0,1,1,0,0,1,0,0,1,1
3087,2210,136,360,0,1,0,1,1,0,0,0,0,1,1,0,1,0,0,1,0,0
3229,2739,110,360,0,1,1,0,1,0,0,0,0,1,1,0,0,1,0,0,1,1
1782,2232,107,360,0,1,0,1,0,1,0,0,0,1,1,0,0,1,1,0,0,1
3182,2917,161,360,0,1,1,0,1,0,0,0,0,1,0,1,0,1,0,0,1,1
6540,0,205,360,0,1,0,1,0,0,1,0,0,1,1,0,0,1,0,1,0,1
1836,33837,90,360,0,1,1,0,1,0,0,0,0,1,1,0,0,1,0,0,1,0
3166,0,36,360,1,0,0,1,1,0,0,0,0,1,1,0,0,1,0,1,0,1
1880,0,61,360,0,1,0,1,0,1,0,0,0,1,1,0,1,0,1,0,0,0
2787,1917,146,360,0,1,0,1,0,1,0,0,0,1,1,0,1,0,1,0,0,0
4283,3000,172,84,0,1,0,1,0,1,0,0,0,1,1,0,0,1,1,0,0,0
2297,1522,104,360,0,1,0,1,1,0,0,0,0,1,1,0,0,1,0,0,1,1
2165,0,70,360,1,0,1,0,1,0,0,0,1,0,1,0,0,1,0,1,0,1
4750,0,94,360,0,1,1,0,1,0,0,0,0,1,1,0,0,1,0,1,0,1
2726,0,106,360,0,1,0,1,0,0,1,0,0,1,0,1,1,0,0,1,0,0
3000,3416,56,180,0,1,0,1,1,0,0,0,0,1,1,0,0,1,0,1,0,1
6000,0,205,240,0,1,0,1,0,0,1,0,0,1,0,1,0,1,0,1,0,0
9357,0,292,360,0,1,1,0,0,0,0,1,0,1,0,1,0,1,0,1,0,1
3859,3300,142,180,0,1,0,1,1,0,0,0,0,1,1,0,0,1,1,0,0,1
16120,0,260,360,0,1,0,1,1,0,0,0,0,1,0,1,0,1,0,0,1,1
3833,0,110,360,0,1,1,0,1,0,0,0,1,0,1,0,0,1,1,0,0,1
6383,1000,187,360,0,1,0,1,0,0,1,0,1,0,0,1,0,1,1,0,0,0
2987,0,88,360,0,1,1,0,1,0,0,0,0,1,1,0,1,0,0,1,0,0
9963,0,180,360,0,1,0,1,1,0,0,0,0,1,0,1,0,1,1,0,0,1
5780,0,192,360,0,1,0,1,0,0,1,0,0,1,1,0,0,1,0,0,1,1
416,41667,350,180,1,0,1,0,0,0,0,1,0,1,0,1,1,0,0,0,1,0
2894,2792,155,360,0,1,0,1,1,0,0,0,1,0,0,1,0,1,1,0,0,1
5703,0,128,360,0,1,0,1,0,0,0,1,0,1,1,0,0,1,0,0,1,1
3676,4301,172,360,0,1,1,0,1,0,0,0,0,1,1,0,0,1,1,0,0,1
12000,0,496,360,1,0,0,1,0,1,0,0,0,1,1,0,0,1,0,1,0,1
2400,3800,126,180,0,1,0,1,1,0,0,0,1,0,1,0,0,1,0,0,1,0
3400,2500,173,360,0,1,0,1,0,1,0,0,0,1,1,0,0,1,0,1,0,1
3987,1411,157,360,0,1,0,1,0,0,1,0,1,0,1,0,0,1,1,0,0,1
3232,1950,108,360,0,1,0,1,1,0,0,0,0,1,1,0,0,1,1,0,0,1
2900,0,71,360,1,0,1,0,1,0,0,0,0,1,1,0,0,1,1,0,0,1
4106,0,40,180,0,1,0,1,0,0,0,1,0,1,1,0,0,1,1,0,0,1
8072,240,253,360,0,1,0,1,0,1,0,0,0,1,1,0,0,1,0,0,1,1
7583,0,187,360,0,1,0,1,0,0,1,0,0,1,1,0,0,1,0,0,1,1
4583,0,133,360,1,0,1,0,1,0,0,0,0,1,0,1,1,0,0,1,0,0
5720,0,110,360,0,1,0,1,1,0,0,0,0,1,1,0,0,1,0,0,1,1
3076,1500,126,360,0,1,0,1,0,1,0,0,0,1,1,0,0,1,0,0,1,0
5000,1800,208,360,0,1,0,1,0,0,1,0,0,1,1,0,0,1,0,0,1,1
2340,2546,100,360,0,1,0,1,0,0,1,0,0,1,1,0,1,0,0,0,1,1
3276,0,78,360,0,1,1,0,1,0,0,0,1,0,1,0,0,1,0,0,1,1
2165,3422,152,360,0,1,0,1,1,0,0,0,1,0,0,1,0,1,0,0,1,1
2226,0,59,360,1,0,1,0,0,1,0,0,1,0,1,0,0,1,0,1,0,1
3881,0,147,360,0,1,0,1,0,0,1,0,1,0,1,0,1,0,1,0,0,0
13633,0,280,240,0,1,0,1,0,0,1,0,0,1,0,1,0,1,0,0,1,1
2400,2400,123,360,0,1,1,0,1,0,0,0,1,0,1,0,0,1,0,1,0,0
3091,0,90,360,0,1,1,0,1,0,0,0,1,0,1,0,0,1,0,0,1,1
2185,1516,162,360,0,1,0,1,0,1,0,0,0,1,0,1,0,1,0,1,0,1
4166,0,40,180,0,1,1,0,0,0,0,1,0,1,1,0,1,0,0,0,1,1
12173,0,166,360,0,1,0,1,0,0,1,0,0,1,0,1,1,0,0,1,0,0
4666,0,124,360,1,0,1,0,1,0,0,0,0,1,1,0,0,1,0,1,0,1
5667,0,131,360,0,1,1,0,0,1,0,0,0,1,1,0,0,1,0,0,1,1
4583,2916,200,360,0,1,0,1,0,0,1,0,0,1,1,0,0,1,0,0,1,1
3786,333,126,360,0,1,0,1,0,0,0,1,0,1,1,0,0,1,0,1,0,0
9226,7916,300,360,0,1,0,1,1,0,0,0,0,1,1,0,0,1,0,0,1,0
1300,3470,100,180,0,1,1,0,1,0,0,0,0,1,1,0,0,1,0,1,0,1
1888,1620,48,360,0,1,0,1,0,1,0,0,1,0,1,0,0,1,0,0,1,0
2083,0,28,180,1,0,1,0,0,0,0,1,1,0,1,0,0,1,0,0,1,1
3909,0,101,360,0,1,1,0,1,0,0,0,0,1,1,0,0,1,0,0,1,0
3765,0,125,360,1,0,1,0,1,0,0,0,1,0,1,0,0,1,0,0,1,0
5400,4380,290,360,0,1,0,1,1,0,0,0,0,1,1,0,0,1,0,0,1,0
0,24000,148,360,0,1,1,0,1,0,0,0,0,1,1,0,1,0,1,0,0,1
4363,1250,140,360,0,1,0,1,0,0,1,0,0,1,1,0,1,0,0,0,1,1
7500,3750,275,360,0,1,0,1,1,0,0,0,0,1,1,0,0,1,0,0,1,1
3772,833,57,360,0,1,0,1,1,0,0,0,0,1,1,0,1,0,0,1,0,0
2942,2382,125,180,0,1,1,0,1,0,0,0,0,1,1,0,0,1,0,0,1,1
2478,0,75,360,1,0,1,0,1,0,0,0,1,0,1,0,0,1,0,1,0,0
6250,820,192,360,0,1,0,1,0,0,1,0,0,1,1,0,0,1,0,0,1,0
3268,1683,152,360,0,1,1,0,1,0,0,0,0,1,1,0,0,1,0,1,0,0
2783,2708,158,360,0,1,0,1,1,0,0,0,0,1,1,0,0,1,0,0,1,1
2740,1541,101,360,0,1,0,1,1,0,0,0,0,1,1,0,0,1,0,0,1,0
3150,0,176,360,0,1,1,0,1,0,0,0,0,1,1,0,1,0,0,1,0,1
7350,4029,185,180,0,1,0,1,0,0,1,0,0,1,0,1,0,1,0,0,1,0
2267,2792,90,360,0,1,0,1,1,0,0,0,0,1,0,1,0,1,0,0,1,1
5833,0,116,360,0,1,1,0,1,0,0,0,0,1,0,1,0,1,0,0,1,1
3643,1963,138,360,0,1,1,0,1,0,0,0,0,1,1,0,0,1,0,0,1,1
5629,818,100,360,0,1,0,1,1,0,0,0,0,1,1,0,0,1,0,0,1,0
3644,0,110,360,1,0,1,0,1,0,0,0,0,1,1,0,0,1,0,0,1,1
1750,2024,90,360,0,1,0,1,1,0,0,0,1,0,1,0,0,1,0,1,0,1
6500,2600,200,360,0,1,1,0,1,0,0,0,0,1,1,0,0,1,0,1,0,1
3666,0,84,360,1,0,1,0,1,0,0,0,0,1,1,0,0,1,0,0,1,1
4260,3900,185,342.201873,0,1,0,1,1,0,0,0,0,1,1,0,1,0,0,0,1,1
4163,1475,162,360,0,1,0,1,1,0,0,0,1,0,1,0,0,1,0,0,1,1
2356,1902,108,360,0,1,1,0,1,0,0,0,1,0,1,0,0,1,0,1,0,1
6792,3338,187,342.201873,0,1,1,0,1,0,0,0,0,1,1,0,0,1,0,0,1,0
8000,250,187,360,0,1,0,1,0,0,0,1,1,0,0,1,0,1,0,1,0,1
2419,1707,124,360,0,1,0,1,0,1,0,0,0,1,1,0,0,1,0,0,1,1
3500,833,120,360,0,1,0,1,0,0,0,1,1,0,1,0,0,1,0,1,0,1
3500,3077,160,360,0,1,0,1,0,1,0,0,0,1,1,0,0,1,0,1,0,0
4116,1000,30,180,0,1,0,1,0,0,1,0,0,1,1,0,0,1,0,0,1,0
5293,0,92,360,0,1,0,1,1,0,0,0,1,0,0,1,0,1,0,0,1,0
2750,0,130,360,0,1,1,0,1,0,0,0,0,1,1,0,1,0,0,0,1,1
4402,0,130,360,1,0,1,0,1,0,0,0,1,0,1,0,0,1,1,0,0,1
3613,3539,134,180,0,1,0,1,0,0,1,0,0,1,1,0,0,1,0,1,0,0
2779,3664,176,360,1,0,0,1,0,0,1,0,0,1,1,0,1,0,0,1,0,1
4720,0,90,180,0,1,0,1,0,0,0,1,0,1,1,0,0,1,0,1,0,1
2415,1721,110,360,0,1,0,1,1,0,0,0,1,0,1,0,0,1,0,1,0,1
7016,292,125,360,0,1,0,1,1,0,0,0,0,1,0,1,0,1,0,0,1,1
4968,0,189,360,1,0,1,0,0,0,1,0,0,1,1,0,0,1,0,1,0,0
2101,1500,108,360,1,0,1,0,1,0,0,0,0,1,1,0,1,0,1,0,0,0
4490,0,125,360,0,1,0,1,0,0,0,1,1,0,1,0,0,1,0,0,1,0
2917,3583,138,360,0,1,0,1,1,0,0,0,0,1,1,0,0,1,0,1,0,0
4700,0,135,360,0,1,0,1,1,0,0,0,1,0,1,0,1,0,0,1,0,0
3445,0,130,360,0,1,0,1,1,0,0,0,0,1,1,0,1,0,0,1,0,1
7666,0,187,360,0,1,0,1,1,0,0,0,0,1,1,0,0,1,0,1,0,1
2458,5105,188,360,0,1,0,1,1,0,0,0,0,1,1,0,1,0,1,0,0,0
3250,0,95,360,1,0,1,0,1,0,0,0,0,1,1,0,0,1,0,1,0,1
4463,0,65,360,0,1,1,0,1,0,0,0,0,1,1,0,0,1,0,1,0,1
4083,1775,139,60,0,1,0,1,0,1,0,0,0,1,0,1,0,1,0,0,1,1
3900,2094,232,360,0,1,0,1,1,0,0,0,0,1,0,1,0,1,1,0,0,0
4750,3583,144,360,0,1,0,1,1,0,0,0,1,0,1,0,0,1,0,1,0,1
3583,3435,155,360,0,1,1,0,1,0,0,0,0,1,1,0,0,1,0,0,1,0
3189,2367,186,360,0,1,0,1,1,0,0,0,0,1,1,0,0,1,0,0,1,0
6356,0,50,360,0,1,1,0,1,0,0,0,0,1,0,1,0,1,1,0,0,0
3413,4053,126,360,0,1,0,1,0,1,0,0,0,1,1,0,0,1,0,1,0,0
7950,0,185,360,1,0,0,1,1,0,0,0,0,1,1,0,0,1,0,0,1,1
3829,1103,163,360,0,1,0,1,0,0,0,1,0,1,1,0,1,0,0,0,1,1
72529,0,360,360,0,1,0,1,0,0,0,1,0,1,1,0,0,1,0,0,1,1
4136,0,149,480,0,1,0,1,0,0,1,0,1,0,1,0,1,0,1,0,0,0
8449,0,257,360,0,1,0,1,1,0,0,0,0,1,1,0,0,1,1,0,0,0
4456,0,131,180,0,1,0,1,1,0,0,0,0,1,1,0,1,0,0,1,0,1
4635,8000,102,180,0,1,0,1,0,0,1,0,0,1,1,0,0,1,1,0,0,1
3571,1917,135,360,0,1,0,1,1,0,0,0,0,1,1,0,0,1,0,0,1,1
3066,0,95,360,0,1,1,0,1,0,0,0,0,1,1,0,0,1,0,1,0,1
3235,2015,77,360,0,1,1,0,0,0,1,0,1,0,1,0,0,1,0,1,0,1
5058,0,200,360,1,0,1,0,1,0,0,0,0,1,0,1,0,1,1,0,0,1
3188,2286,130,360,0,1,0,1,1,0,0,0,0,1,0,1,1,0,1,0,0,1
13518,0,390,360,0,1,0,1,0,0,0,1,0,1,1,0,0,1,1,0,0,1
4364,2500,185,360,0,1,0,1,0,1,0,0,0,1,1,0,0,1,0,1,0,1
4766,1646,100,360,0,1,0,1,0,0,1,0,1,0,1,0,0,1,0,1,0,1
4609,2333,123,360,0,1,0,1,0,1,0,0,0,1,1,0,1,0,0,1,0,1
6260,0,110,360,1,0,0,1,0,0,0,1,0,1,1,0,0,1,0,1,0,0
3333,4200,256,360,0,1,0,1,0,1,0,0,0,1,1,0,0,1,0,0,1,1
3500,3250,140,360,0,1,0,1,1,0,0,0,0,1,1,0,0,1,0,1,0,1
9719,0,61,360,0,1,0,1,0,0,0,1,0,1,1,0,0,1,0,0,1,1
6835,0,188,360,0,1,0,1,0,0,0,1,0,1,1,0,1,0,0,1,0,1
4452,0,131,360,0,1,1,0,1,0,0,0,0,1,1,0,0,1,1,0,0,1
2262,0,126,480,1,0,0,1,1,0,0,0,0,1,1,0,1,0,0,1,0,1
3901,0,116,360,0,1,0,1,0,1,0,0,0,1,1,0,0,1,0,0,1,1
2687,0,50,180,0,1,0,1,0,0,1,0,1,0,1,0,0,1,1,0,0,1
2243,2233,107,360,0,1,1,0,1,0,0,0,0,1,1,0,1,0,0,1,0,1
3417,1287,200,360,1,0,0,1,1,0,0,0,0,1,1,0,0,1,0,1,0,1
1596,1760,119,360,0,1,1,0,1,0,0,0,0,1,1,0,1,0,0,0,1,1
4513,0,120,360,0,1,0,1,0,0,0,1,0,1,1,0,0,1,1,0,0,0
4500,0,140,360,0,1,0,1,1,0,0,0,0,1,1,0,0,1,0,1,0,0
4523,1350,165,360,0,1,0,1,1,0,0,0,1,0,1,0,0,1,0,0,1,1
4742,0,108,360,1,0,1,0,1,0,0,0,0,1,0,1,0,1,0,1,0,1
4082,0,93,360,0,1,0,1,1,0,0,0,0,1,1,0,0,1,0,1,0,1
3417,0,102,360,1,0,1,0,1,0,0,0,0,1,1,0,0,1,0,0,1,0
2922,3396,122,360,1,0,0,1,0,0,1,0,0,1,1,0,0,1,0,1,0,1
4167,4754,160,360,0,1,0,1,1,0,0,0,0,1,1,0,0,1,1,0,0,1
4243,4123,157,360,0,1,1,0,0,0,0,1,0,1,1,0,1,0,0,1,0,1
0,1760,180,360,1,0,1,0,1,0,0,0,1,0,1,0,0,1,0,1,0,1
1516,2900,80,342.201873,0,1,0,1,0,1,0,0,0,1,1,0,1,0,1,0,0,1
1762,2666,104,360,1,0,1,0,1,0,0,0,0,1,1,0,1,0,0,0,1,0
724,3510,213,360,0,1,0,1,0,0,1,0,0,1,1,0,1,0,1,0,0,1
3125,0,65,360,0,1,1,0,1,0,0,0,0,1,1,0,0,1,0,0,1,1
2333,3803,146,360,0,1,0,1,1,0,0,0,0,1,1,0,0,1,1,0,0,1
3350,1560,135,360,0,1,0,1,0,0,0,1,0,1,1,0,0,1,0,0,1,1
2500,6414,187,360,0,1,1,0,1,0,0,0,0,1,1,0,1,0,1,0,0,1
12500,0,300,360,1,0,1,0,1,0,0,0,0,1,1,0,1,0,0,0,1,1
4667,0,120,360,0,1,1,0,1,0,0,0,0,1,1,0,0,1,0,1,0,1
6500,0,71,360,0,1,1,0,1,0,0,0,0,1,1,0,1,0,0,0,1,1
7500,0,225,360,0,1,0,1,0,0,1,0,0,1,1,0,0,1,0,0,1,1
3073,0,70,180,0,1,1,0,1,0,0,0,0,1,1,0,0,1,0,0,1,0
3321,2088,70,342.201873,0,1,0,1,0,1,0,0,1,0,1,0,0,1,0,1,0,0
3333,1270,124,360,0,1,0,1,1,0,0,0,0,1,1,0,0,1,0,0,1,1
3391,0,132,360,0,1,1,0,1,0,0,0,0,1,1,0,0,1,1,0,0,1
3343,1517,105,360,0,1,0,1,0,1,0,0,0,1,0,1,0,1,1,0,0,1
3620,0,90,360,1,0,1,0,0,1,0,0,0,1,1,0,0,1,0,0,1,1
4000,0,83,84,0,1,1,0,1,0,0,0,0,1,1,0,0,1,0,0,1,1
4258,0,125,360,0,1,0,1,1,0,0,0,0,1,1,0,0,1,0,0,1,0
4500,0,147,360,0,1,0,1,0,0,1,0,0,1,1,0,0,1,1,0,0,0
2014,2925,120,360,0,1,0,1,0,1,0,0,0,1,1,0,0,1,1,0,0,1
3333,1250,110,360,0,1,1,0,1,0,0,0,0,1,1,0,0,1,0,1,0,0
4083,0,103,360,1,0,1,0,0,0,0,1,0,1,1,0,1,0,0,1,0,0
4727,0,150,360,0,1,1,0,1,0,0,0,0,1,1,0,1,0,1,0,0,0
3089,2999,100,240,0,1,0,1,0,0,0,1,0,1,1,0,0,1,1,0,0,1
6794,528,139,360,0,1,0,1,0,0,0,1,1,0,0,1,1,0,0,0,1,1
32000,0,550,360,0,1,0,1,1,0,0,0,0,1,0,1,1,0,0,1,0,1
10890,0,260,12,0,1,0,1,0,0,1,0,0,1,0,1,0,1,1,0,0,1
12941,0,150,300,1,0,1,0,1,0,0,0,0,1,1,0,0,1,0,0,1,1
3276,0,90,360,0,1,1,0,1,0,0,0,1,0,1,0,0,1,0,1,0,1
8703,0,199,360,0,1,1,0,1,0,0,0,1,0,0,1,1,0,1,0,0,1
4742,717,139,360,0,1,0,1,0,1,0,0,0,1,1,0,0,1,0,1,0,0
5900,0,150,360,0,1,1,0,1,0,0,0,0,1,1,0,0,1,0,0,1,1
3071,4309,180,360,0,1,1,0,1,0,0,0,0,1,1,0,0,1,0,0,1,0
2783,1456,113,360,0,1,0,1,1,0,0,0,0,1,1,0,0,1,0,0,1,1
5000,0,148,360,0,1,1,0,1,0,0,0,0,1,1,0,0,1,1,0,0,0
2463,2360,117,360,0,1,0,1,0,1,0,0,1,0,1,0,1,0,0,0,1,0
4855,0,72,360,0,1,0,1,0,0,1,0,0,1,1,0,0,1,1,0,0,1
1599,2474,125,300,0,1,1,0,1,0,0,0,1,0,0,1,0,1,0,1,0,1
4246,4246,214,360,0,1,0,1,0,0,1,0,0,1,0,1,0,1,0,0,1,1
4333,2291,133,350,0,1,0,1,1,0,0,0,0,1,1,0,0,1,1,0,0,1
5823,2529,187,360,0,1,1,0,0,1,0,0,0,1,1,0,0,1,0,1,0,1
7895,0,143,360,0,1,0,1,1,0,0,0,1,0,1,0,0,1,1,0,0,1
4150,4256,209,360,0,1,1,0,1,0,0,0,0,1,1,0,0,1,1,0,0,1
2964,0,84,360,0,1,1,0,1,0,0,0,0,1,0,1,1,0,0,1,0,0
5583,0,116,360,0,1,1,0,1,0,0,0,0,1,1,0,0,1,0,0,1,0
2708,0,65,360,1,0,1,0,1,0,0,0,0,1,1,0,0,1,1,0,0,1
3180,2370,80,240,0,1,1,0,0,1,0,0,0,1,1,0,1,0,1,0,0,1
2268,0,170,360,0,1,1,0,1,0,0,0,1,0,1,0,1,0,0,1,0,1
1141,2017,120,360,0,1,1,0,0,0,1,0,1,0,1,0,1,0,0,0,1,0
3042,3167,135,360,0,1,0,1,1,0,0,0,0,1,1,0,0,1,0,0,1,1
1750,2935,94,360,1,0,0,1,0,0,0,1,0,1,0,1,1,0,0,1,0,0
3564,0,79,360,1,0,0,1,0,1,0,0,0,1,1,0,0,1,1,0,0,1
3958,0,110,360,1,0,1,0,1,0,0,0,0,1,1,0,0,1,1,0,0,1
4483,0,130,360,0,1,0,1,0,0,1,0,1,0,1,0,0,1,1,0,0,1
5225,0,143,360,0,1,0,1,1,0,0,0,0,1,1,0,0,1,1,0,0,0
3017,2845,159,180,0,1,1,0,1,0,0,0,0,1,1,0,1,0,0,0,1,1
2431,1820,110,360,0,1,0,1,1,0,0,0,1,0,1,0,1,0,1,0,0,0
4912,4614,160,360,0,1,0,1,0,0,1,0,0,1,0,1,0,1,1,0,0,1
2500,3333,131,360,0,1,0,1,0,0,1,0,1,0,1,0,0,1,0,0,1,1
2918,0,65,360,1,0,1,0,1,0,0,0,0,1,1,0,1,0,1,0,0,0
5128,0,143,360,0,1,0,1,0,0,1,0,0,1,1,0,0,1,1,0,0,1
15312,0,187,360,0,1,0,1,0,0,0,1,0,1,1,0,1,0,0,0,1,0
3958,2632,160,360,0,1,0,1,0,0,1,0,0,1,1,0,0,1,0,1,0,0
4334,2945,165,360,0,1,0,1,1,0,0,0,0,1,1,0,0,1,0,1,0,0
4358,0,110,360,0,1,0,1,0,0,1,0,0,1,1,0,0,1,0,0,1,1
4000,3917,173,360,1,0,0,1,0,1,0,0,0,1,1,0,0,1,1,0,0,0
10166,750,150,342.201873,0,1,0,1,0,0,0,1,0,1,1,0,0,1,0,0,1,1
4483,0,135,360,0,1,0,1,1,0,0,0,1,0,1,0,1,0,0,1,0,1
4521,1184,150,360,0,1,0,1,0,0,1,0,1,0,1,0,0,1,0,1,0,0
9167,0,235,360,0,1,0,1,0,0,1,0,0,1,1,0,0,1,0,1,0,1
13083,0,126,360,0,1,0,1,1,0,0,0,1,0,1,0,0,1,1,0,0,1
7874,3967,336,360,0,1,0,1,0,0,1,0,0,1,1,0,0,1,1,0,0,1
4333,0,132,84,1,0,0,1,0,1,0,0,0,1,1,0,0,1,1,0,0,1
4083,0,96,360,0,1,1,0,1,0,0,0,0,1,1,0,0,1,0,0,1,0
3785,2912,180,360,0,1,0,1,0,0,1,0,1,0,0,1,1,0,1,0,0,0
2654,1998,128,360,0,1,0,1,0,0,0,1,1,0,1,0,1,0,1,0,0,1
10000,2690,412,360,0,1,0,1,0,1,0,0,0,1,1,0,0,1,0,1,0,1
5833,0,116,360,0,1,1,0,1,0,0,0,0,1,0,1,0,1,0,0,1,0
4796,0,114,360,0,1,0,1,0,1,0,0,0,1,1,0,1,0,0,1,0,1
2000,1600,115,360,0,1,0,1,1,0,0,0,1,0,1,0,0,1,1,0,0,1
2540,700,104,360,0,1,0,1,0,0,1,0,0,1,1,0,1,0,0,0,1,1
1900,1442,88,360,0,1,0,1,1,0,0,0,0,1,0,1,0,1,1,0,0,0
8706,0,108,480,0,1,0,1,1,0,0,0,0,1,0,1,0,1,1,0,0,1
2855,542,90,360,0,1,0,1,0,0,0,1,1,0,1,0,0,1,0,0,1,1
3016,1300,100,360,0,1,0,1,1,0,0,0,0,1,1,0,1,0,0,0,1,0
3159,2374,108,360,1,0,0,1,1,0,0,0,0,1,1,0,0,1,0,1,0,1
1937,1152,78,360,1,0,1,0,1,0,0,0,0,1,1,0,0,1,0,1,0,1
2613,2417,123,360,0,1,0,1,1,0,0,0,0,1,1,0,0,1,0,1,0,1
4960,2600,187,360,0,1,0,1,0,1,0,0,0,1,1,0,0,1,0,1,0,1
3074,1083,146,360,0,1,0,1,0,1,0,0,0,1,1,0,0,1,0,1,0,1
4213,0,80,360,1,0,1,0,1,0,0,0,0,1,1,0,0,1,0,0,1,1
2038,4027,100,360,0,1,1,0,0,1,0,0,1,0,1,0,0,1,1,0,0,0
2362,0,55,360,1,0,1,0,1,0,0,0,0,1,1,0,0,1,0,0,1,0
5333,2400,200,360,0,1,1,0,1,0,0,0,0,1,1,0,1,0,1,0,0,0
5384,0,150,360,0,1,0,1,0,0,0,1,0,1,0,1,0,1,0,1,0,1
5708,0,150,360,0,1,1,0,1,0,0,0,0,1,1,0,0,1,1,0,0,1
3754,3719,118,342.201873,0,1,0,1,1,0,0,0,1,0,1,0,0,1,1,0,0,1
2914,2130,150,300,0,1,0,1,1,0,0,0,1,0,1,0,0,1,0,0,1,1
2747,2458,118,36,0,1,0,1,1,0,0,0,1,0,1,0,0,1,0,1,0,0
7830,2183,212,360,0,1,0,1,1,0,0,0,0,1,1,0,0,1,1,0,0,1
3507,3148,212,360,0,1,0,1,0,1,0,0,0,1,0,1,0,1,1,0,0,0
3747,2139,125,360,0,1,0,1,0,1,0,0,0,1,1,0,0,1,0,0,1,1
2166,2166,108,360,0,1,0,1,1,0,0,0,0,1,1,0,1,0,0,0,1,0
3500,2168,149,360,0,1,0,1,1,0,0,0,1,0,1,0,0,1,1,0,0,1
2896,0,80,480,0,1,0,1,0,0,1,0,1,0,1,0,0,1,0,0,1,1
5062,0,152,300,1,0,1,0,0,1,0,0,0,1,1,0,0,1,1,0,0,1
5184,0,187,360,1,0,1,0,0,0,1,0,0,1,0,1,1,0,0,1,0,1
2545,0,74,360,1,0,1,0,1,0,0,0,0,1,1,0,0,1,0,0,1,0
2553,1768,102,360,0,1,0,1,1,0,0,0,0,1,1,0,0,1,0,0,1,0
3436,3809,100,360,0,1,0,1,0,1,0,0,0,1,1,0,0,1,1,0,0,1
2412,2755,130,360,0,1,1,0,1,0,0,0,0,1,1,0,0,1,1,0,0,1
5180,0,125,360,0,1,0,1,0,0,0,1,1,0,1,0,1,0,0,0,1,1
14911,14507,130,360,0,1,1,0,1,0,0,0,0,1,1,0,0,1,0,1,0,1
2860,2988,138,360,0,1,1,0,1,0,0,0,0,1,0,1,0,1,0,0,1,1
1173,1594,28,180,0,1,0,1,1,0,0,0,0,1,1,0,0,1,1,0,0,1
7600,0,92,360,1,0,1,0,0,1,0,0,0,1,1,0,0,1,0,1,0,1
2157,1788,104,360,1,0,0,1,1,0,0,0,0,1,1,0,0,1,0,0,1,1
2231,2774,176,360,0,1,1,0,1,0,0,0,0,1,1,0,1,0,0,0,1,1
2274,5211,117,360,1,0,1,0,1,0,0,0,0,1,1,0,1,0,0,1,0,0
6166,13983,102,360,0,1,0,1,0,0,1,0,1,0,1,0,0,1,1,0,0,1
2513,1110,107,360,0,1,0,1,0,0,1,0,1,0,1,0,0,1,0,1,0,1
4333,0,66,480,0,1,1,0,1,0,0,0,0,1,1,0,0,1,0,0,1,1
3844,0,105,360,0,1,1,0,1,0,0,0,1,0,1,0,0,1,0,0,1,1
3887,1517,105,360,0,1,0,1,1,0,0,0,0,1,1,0,1,0,0,1,0,0
3510,828,105,360,0,1,0,1,1,0,0,0,0,1,1,0,0,1,0,1,0,1
2539,1704,125,360,0,1,0,1,1,0,0,0,0,1,0,1,1,0,1,0,0,1
2107,0,64,360,1,0,1,0,1,0,0,0,1,0,1,0,0,1,0,1,0,1
3186,3145,150,180,0,1,0,1,1,0,0,0,0,1,1,0,1,0,0,1,0,0
5000,2166,150,360,0,1,0,1,0,0,1,0,0,1,0,1,0,1,0,0,1,1
10000,0,126,360,0,1,0,1,1,0,0,0,0,1,1,0,0,1,0,0,1,1
3943,0,64,360,0,1,0,1,1,0,0,0,1,0,0,1,0,1,0,1,0,1
2925,0,40,180,0,1,1,0,1,0,0,0,0,1,1,0,0,1,1,0,0,1
3242,437,142,480,0,1,0,1,0,0,0,1,0,1,1,0,1,0,0,0,1,0
3863,0,70,300,0,1,0,1,1,0,0,0,0,1,1,0,0,1,0,1,0,0
4028,0,131,360,1,0,1,0,0,1,0,0,0,1,1,0,0,1,0,1,0,1
4010,1025,120,360,0,1,0,1,0,0,1,0,0,1,1,0,0,1,0,0,1,1
3719,1585,114,360,1,0,0,1,0,1,0,0,0,1,1,0,0,1,0,0,1,0
2858,0,123,360,0,1,1,0,1,0,0,0,0,1,0,1,1,0,1,0,0,1
3833,0,92,360,1,0,0,1,1,0,0,0,0,1,1,0,0,1,1,0,0,0
3333,4288,160,360,0,1,0,1,1,0,0,0,0,1,1,0,0,1,0,0,1,0
3007,3725,151,360,0,1,0,1,1,0,0,0,0,1,1,0,0,1,1,0,0,0
1850,4583,81,360,1,0,1,0,0,1,0,0,0,1,0,1,1,0,1,0,0,0
2792,2619,171,360,0,1,0,1,0,0,0,1,1,0,1,0,0,1,0,1,0,1
2982,1550,110,360,0,1,0,1,1,0,0,0,0,1,1,0,0,1,0,1,0,1
3417,738,100,360,0,1,1,0,1,0,0,0,0,1,1,0,1,0,1,0,0,0
18840,0,234,360,0,1,0,1,0,1,0,0,0,1,1,0,0,1,1,0,0,1
2995,1120,184,360,0,1,0,1,0,0,1,0,0,1,1,0,0,1,1,0,0,1
3579,3308,138,360,0,1,1,0,1,0,0,0,0,1,1,0,1,0,0,1,0,1
3835,1400,112,480,1,0,0,1,0,1,0,0,1,0,1,0,1,0,0,0,1,1
3854,3575,117,360,1,0,1,0,0,1,0,0,1,0,1,0,0,1,1,0,0,1
5833,750,49,360,0,1,0,1,0,0,1,0,0,1,1,0,1,0,1,0,0,0
3508,0,99,360,0,1,1,0,1,0,0,0,0,1,1,0,0,1,1,0,0,1
1635,2444,99,360,1,0,0,1,0,0,0,1,1,0,1,0,0,1,0,0,1,1
3333,3916,212,360,1,0,1,0,1,0,0,0,0,1,0,1,0,1,1,0,0,1
24797,0,240,360,0,1,1,0,0,1,0,0,0,1,1,0,0,1,0,1,0,1
5667,440,130,360,0,1,0,1,0,0,1,0,0,1,1,0,1,0,0,1,0,1
3500,0,94,360,1,0,1,0,1,0,0,0,0,1,1,0,1,0,0,1,0,1
2773,1497,108,360,0,1,0,1,0,0,0,1,0,1,1,0,0,1,0,1,0,1
6500,0,144,360,0,1,0,1,1,0,0,0,0,1,0,1,0,1,0,0,1,1
5769,0,110,180,1,0,1,0,1,0,0,0,0,1,1,0,0,1,0,1,0,1
3634,910,176,360,0,1,0,1,0,0,0,1,1,0,0,1,1,0,0,1,0,1
29167,0,185,360,0,1,1,0,1,0,0,0,0,1,1,0,0,1,0,1,0,1
2166,2057,122,360,0,1,1,0,1,0,0,0,0,1,1,0,0,1,0,1,0,0
5000,0,126,360,0,1,0,1,1,0,0,0,0,1,1,0,0,1,1,0,0,1
5530,0,135,360,1,0,1,0,1,0,0,0,0,1,1,0,1,0,0,0,1,1
9000,0,122,360,0,1,1,0,1,0,0,0,1,0,1,0,0,1,1,0,0,1
10000,11666,460,360,1,0,0,1,0,0,1,0,0,1,1,0,0,1,0,0,1,0
8750,0,297,360,0,1,0,1,0,1,0,0,0,1,0,1,0,1,0,0,1,1
2157,2730,140,360,0,1,0,1,1,0,0,0,1,0,1,0,1,0,1,0,0,0
1972,4347,106,360,0,1,1,0,1,0,0,0,0,1,0,1,0,1,1,0,0,1
4983,0,141,360,0,1,1,0,1,0,0,0,0,1,1,0,0,1,0,0,1,1
8333,4000,126,360,0,1,0,1,0,1,0,0,0,1,1,0,0,1,0,0,1,1
3667,2000,170,360,0,1,0,1,1,0,0,0,0,1,1,0,0,1,0,1,0,1
3166,2833,145,360,0,1,0,1,0,0,1,0,0,1,1,0,0,1,0,0,1,0
3271,0,90,360,0,1,1,0,1,0,0,0,1,0,1,0,0,1,1,0,0,1
2241,2000,88,360,1,0,0,1,1,0,0,0,0,1,1,0,1,0,0,0,1,0
1792,2565,128,360,0,1,0,1,0,1,0,0,1,0,0,1,0,1,0,0,1,1
2666,0,84,480,1,0,0,1,1,0,0,0,0,1,1,0,0,1,0,1,0,1
6478,0,108,360,0,1,1,0,1,0,0,0,0,1,1,0,0,1,0,1,0,1
3808,0,83,360,0,1,1,0,1,0,0,0,1,0,0,1,0,1,1,0,0,1
3729,0,117,360,1,0,0,1,0,0,1,0,1,0,1,0,0,1,0,1,0,0
4120,0,128,360,0,1,0,1,0,0,1,0,0,1,1,0,0,1,1,0,0,0
7500,0,75,360,0,1,0,1,0,1,0,0,0,1,0,1,0,1,0,0,1,0
6300,0,125,360,0,1,0,1,0,1,0,0,0,1,0,1,1,0,0,0,1,1
14987,0,177,360,1,0,1,0,1,0,0,0,0,1,0,1,0,1,1,0,0,1
570,2125,68,360,0,1,0,1,0,1,0,0,1,0,0,1,0,1,1,0,0,1
2600,700,96,360,0,1,0,1,1,0,0,0,0,1,1,0,0,1,0,1,0,1
2733,1083,180,360,0,1,1,0,0,0,1,0,1,0,1,0,1,0,0,1,0,0
7500,0,183,360,0,1,0,1,0,0,1,0,0,1,0,1,0,1,1,0,0,1
3859,0,121,360,0,1,0,1,0,0,1,0,1,0,1,0,0,1,1,0,0,0
6825,0,162,360,0,1,0,1,0,1,0,0,0,1,1,0,0,1,1,0,0,0
3708,4700,132,360,0,1,0,1,1,0,0,0,0,1,1,0,0,1,0,1,0,1
5314,0,147,360,0,1,1,0,1,0,0,0,0,1,1,0,0,1,0,0,1,1
2366,5272,153,360,1,0,1,0,0,0,0,1,0,1,1,0,1,0,1,0,0,1
2066,2108,104,84,0,1,1,0,1,0,0,0,0,1,1,0,0,1,0,0,1,1
5000,0,149,360,0,1,0,1,0,0,1,0,0,1,1,0,0,1,1,0,0,1
3767,0,134,300,1,0,1,0,1,0,0,0,0,1,1,0,0,1,0,0,1,0
7859,879,165,180,1,0,0,1,1,0,0,0,0,1,1,0,0,1,0,1,0,1
4283,0,120,360,1,0,0,1,1,0,0,0,0,1,1,0,0,1,1,0,0,1
1700,2900,67,360,0,1,0,1,1,0,0,0,1,0,1,0,1,0,0,0,1,1
4768,0,125,360,0,1,1,0,1,0,0,0,1,0,1,0,0,1,1,0,0,1
3083,2738,120,360,0,1,1,0,1,0,0,0,0,1,1,0,0,1,0,0,1,0
2667,1542,148,360,0,1,0,1,0,1,0,0,0,1,1,0,0,1,1,0,0,1
1647,1762,181,360,1,0,0,1,1,0,0,0,1,0,1,0,0,1,0,0,1,1
3400,0,80,120,0,1,0,1,0,0,0,1,0,1,1,0,0,1,0,0,1,1
16000,5000,40,360,0,1,1,0,0,1,0,0,0,1,0,1,0,1,0,1,0,1
5333,0,90,360,0,1,0,1,1,0,0,0,0,1,1,0,0,1,1,0,0,1
2875,2416,95,6,0,1,1,0,1,0,0,0,0,1,1,0,1,0,0,1,0,0
2600,618,122,360,0,1,0,1,0,1,0,0,1,0,0,1,0,1,0,1,0,1
5041,700,150,360,0,1,0,1,0,0,1,0,0,1,1,0,0,1,0,0,1,1
6958,1411,150,360,0,1,0,1,0,0,0,1,0,1,0,1,0,1,1,0,0,0
3500,1658,104,360,0,1,0,1,0,1,0,0,0,1,1,0,1,0,0,1,0,1
5509,0,143,360,0,1,0,1,1,0,0,0,0,1,1,0,0,1,1,0,0,1
9699,0,300,360,0,1,0,1,0,0,0,1,0,1,1,0,0,1,0,0,1,1
3621,2717,171,360,1,0,0,1,0,1,0,0,1,0,1,0,0,1,0,0,1,1
4709,0,113,360,1,0,0,1,1,0,0,0,0,1,1,0,0,1,0,1,0,1
1516,1951,35,360,0,1,0,1,1,0,0,0,0,1,1,0,0,1,0,1,0,1
2400,0,46,360,0,1,1,0,0,0,1,0,0,1,1,0,0,1,0,0,1,1
3015,2000,145,360,1,0,1,0,1,0,0,0,1,0,1,0,1,0,0,0,1,1
2292,1558,119,360,0,1,0,1,1,0,0,0,0,1,1,0,0,1,0,0,1,1
2360,3355,87,240,0,1,0,1,0,1,0,0,0,1,0,1,0,1,1,0,0,0
4333,2333,162,360,1,0,1,0,1,0,0,0,0,1,1,0,1,0,1,0,0,1
2623,4831,122,180,0,1,0,1,1,0,0,0,0,1,0,1,0,1,0,1,0,0
3972,4275,187,360,0,1,1,0,1,0,0,0,0,1,0,1,0,1,1,0,0,0
3522,0,81,180,0,1,0,1,0,0,0,1,1,0,1,0,0,1,1,0,0,1
4700,0,80,360,0,1,0,1,0,1,0,0,0,1,1,0,0,1,0,0,1,1
6858,0,176,360,0,1,1,0,1,0,0,0,0,1,1,0,0,1,1,0,0,1
8334,0,260,360,0,1,0,1,0,0,0,1,0,1,1,0,0,1,0,0,1,1
3391,1966,133,360,0,1,0,1,1,0,0,0,0,1,1,0,1,0,1,0,0,0
2868,0,70,360,0,1,1,0,1,0,0,0,1,0,1,0,0,1,0,0,1,1
3418,1380,135,360,0,1,0,1,0,0,1,0,1,0,1,0,0,1,0,0,1,1
2500,296,137,300,0,1,0,1,1,0,0,0,0,1,0,1,0,1,1,0,0,1
8667,0,254,360,0,1,0,1,0,0,1,0,0,1,1,0,0,1,1,0,0,1
2283,15000,106,360,0,1,1,0,1,0,0,0,0,1,1,0,1,0,1,0,0,0
5817,910,109,360,0,1,0,1,1,0,0,0,0,1,1,0,0,1,0,0,1,1
5119,3769,120,360,0,1,0,1,1,0,0,0,0,1,1,0,0,1,1,0,0,0
5316,187,158,180,0,1,0,1,0,0,0,1,1,0,1,0,1,0,0,1,0,1
7603,1213,197,360,0,1,0,1,0,0,0,1,0,1,1,0,0,1,0,0,1,1
3791,1936,85,360,0,1,0,1,0,1,0,0,0,1,1,0,0,1,0,0,1,1
2500,0,60,360,0,1,1,0,1,0,0,0,0,1,1,0,0,1,0,0,1,0
3132,0,76,360,0,1,0,1,0,0,1,0,1,0,1,0,1,0,1,0,0,0
4000,2667,152,360,0,1,1,0,1,0,0,0,0,1,1,0,0,1,0,1,0,1
8550,4255,96,360,1,0,0,1,1,0,0,0,0,1,1,0,1,0,0,0,1,0
2269,2167,99,360,0,1,0,1,0,1,0,0,0,1,1,0,0,1,0,1,0,1
4009,1777,113,360,0,1,0,1,0,0,0,1,1,0,0,1,0,1,0,0,1,1
4158,709,115,360,0,1,0,1,1,0,0,0,0,1,1,0,0,1,0,0,1,1
3250,1993,126,360,0,1,1,0,1,0,0,0,0,1,1,0,1,0,0,1,0,1
5000,2393,158,360,0,1,0,1,1,0,0,0,0,1,1,0,0,1,1,0,0,0
9200,0,98,180,0,1,1,0,1,0,0,0,0,1,0,1,0,1,1,0,0,0
